prompt_id,turn,participant_id,major,workshop_group,geft_score,participant_group,osivq_object_pct,osivq_spatial_pct,osivq_verbal_pct,osivq_cognitive_style,phase,prompt_type,prompt_context,prompt_raw,img_type,prompt_img,char_count,char_count_no_space,prompt_combined,umap_x,umap_y,morpheme_count,sentence_count,noun_count,verb_count,adjective_count,particle_count,content_word_count,function_word_count,unique_morpheme_count,foreign_word_count,ttr,content_density,noun_ratio,verb_ratio,adj_ratio,avg_sentence_length,particle_diversity,foreign_ratio,ctx_count,obj_count,ctx_ratio
prompt_01,turn_01,P1,design,G1,14,FD,100.0,4.78,96.18,object,ideation,initial,,학교에 콘센트가 너무 한정적이라 학생들이 수업에 주로 사용하는 전자기기를 충전하기에 불편함이 있어. 이걸 해결하기 위해서 내가 아이디어를 내봤어. 일단 나는 구간별로 천장에서 내려오는 형태의 멀티탭을 구상했어. 천장에 줄이 연결되어 위에서 당기면 내려오고 사용하지 않을때는 천장에 붙어있는 형태의 멀티탭을 생각해봤고 줄이 너무 두껍고 지저분하지않았으면 좋겠어. 딱 책상에 잘 놓일정도의 무게였으면 좋겠고 줄이 정리에 용이했으면 좋겠어. 디자인적으로도 강의실의 분위기를 해치지않았으면 좋겠어. 이 아이디어를 실제 사진처럼 이미지화해줘,,,297,234,[프롬프트] 학교에 콘센트가 너무 한정적이라 학생들이 수업에 주로 사용하는 전자기기를 충전하기에 불편함이 있어. 이걸 해결하기 위해서 내가 아이디어를 내봤어. 일단 나는 구간별로 천장에서 내려오는 형태의 멀티탭을 구상했어. 천장에 줄이 연결되어 위에서 당기면 내려오고 사용하지 않을때는 천장에 붙어있는 형태의 멀티탭을 생각해봤고 줄이 너무 두껍고 지저분하지않았으면 좋겠어. 딱 책상에 잘 놓일정도의 무게였으면 좋겠고 줄이 정리에 용이했으면 좋겠어. 디자인적으로도 강의실의 분위기를 해치지않았으면 좋겠어. 이 아이디어를 실제 사진처럼 이미지화해줘,6.488287,6.2802196,167,7,42,11,5,20,64,34,87,0,0.5209580838323353,0.38323353293413176,0.25149700598802394,0.0658682634730539,0.029940119760479042,23.857142857142858,0.35,0.0,8,11,0.42105263157894735
prompt_02,turn_02,P1,design,G1,14,FD,100.0,4.78,96.18,object,ideation,refinement,,내려와서 책상에 놓인 모습으로 바꿔줘,,,20,16,[프롬프트] 내려와서 책상에 놓인 모습으로 바꿔줘,5.6798005,5.388008,10,1,2,3,0,0,5,0,10,0,1.0,0.5,0.2,0.3,0.0,10.0,,0.0,0,0,
prompt_03,turn_03,P1,design,G1,14,FD,100.0,4.78,96.18,object,ideation,refinement,,세로로말고 가로로 책상에 잘 놓여있는 모습을 보여줘,,,28,22,[프롬프트] 세로로말고 가로로 책상에 잘 놓여있는 모습을 보여줘,5.971097,5.443534,17,1,4,3,0,1,8,1,15,0,0.8823529411764706,0.47058823529411764,0.23529411764705882,0.17647058823529413,0.0,17.0,1.0,0.0,0,0,
prompt_04,turn_04,P1,design,G1,14,FD,100.0,4.78,96.18,object,final,refinement,,이 아이디어에 덧붙여 천장에서 이동간으한 레일형 천장 멀티탭을 생각해봤어 이 이미지를 아이디어가 더 설명이 잘되는 이미지로 발전시켜줘,reference,P1_turn_04.png,74,58,[프롬프트] 이 아이디어에 덧붙여 천장에서 이동간으한 레일형 천장 멀티탭을 생각해봤어 이 이미지를 아이디어가 더 설명이 잘되는 이미지로 발전시켜줘,5.523089,6.689606,39,1,13,3,0,4,17,6,30,0,0.7692307692307693,0.4358974358974359,0.3333333333333333,0.07692307692307693,0.0,39.0,1.0,0.0,1,6,0.14285714285714285
prompt_05,turn_05,P1,design,G1,14,FD,100.0,4.78,96.18,object,final,refinement,,천장에서 줄이 달려서 내려오는 형태야 현실적으로 만들어줘,,,31,25,[프롬프트] 천장에서 줄이 달려서 내려오는 형태야 현실적으로 만들어줘,5.383461,6.3958335,17,1,5,3,0,2,8,2,16,0,0.9411764705882353,0.47058823529411764,0.29411764705882354,0.17647058823529413,0.0,17.0,1.0,0.0,0,2,0.0
prompt_06,turn_01,P2,business,G1,15,FD,98.64,71.25,96.18,object,ideation,initial,,나 무선충전 가능한 책상을 만들거야,,,19,15,[프롬프트] 나 무선충전 가능한 책상을 만들거야,6.1035495,5.766414,13,1,4,2,0,2,6,3,13,0,1.0,0.46153846153846156,0.3076923076923077,0.15384615384615385,0.0,13.0,1.0,0.0,1,0,1.0
prompt_07,turn_02,P2,business,G1,15,FD,98.64,71.25,96.18,object,ideation,refinement,,무선 충전 가능하고 공부하기 편안하며 심미적으로 매력적인 디자인 근데 충전 ON/OFF가 가능해 글고 발열이 없었으면 좋겠어,,,69,54,[프롬프트] 무선 충전 가능하고 공부하기 편안하며 심미적으로 매력적인 디자인 근데 충전 ON/OFF가 가능해 글고 발열이 없었으면 좋겠어,6.1032925,5.959606,35,1,12,1,2,2,16,5,28,0,0.8,0.45714285714285713,0.34285714285714286,0.02857142857142857,0.05714285714285714,35.0,1.0,0.0,3,1,0.75
prompt_08,turn_03,P2,business,G1,15,FD,98.64,71.25,96.18,object,ideation,selection,"보람, 혹시 이걸 직접 제작할 DIY 설계용 도면으로 만들어줄까?
아니면 제품 디자인 목업 이미지 (예: 인테리어 속 배치된 완성형 책상 시각화)로 만들어줄까?
👉 원하는 방향을 말해주면 바로 시각화해줄게!",엉 시각화 해줘 구체적인 사진 형태로 아이디어 논의하려고,,,31,24,[프롬프트] 엉 시각화 해줘 구체적인 사진 형태로 아이디어 논의하려고,4.203407,5.636645,16,1,6,1,0,0,7,1,14,0,0.875,0.4375,0.375,0.0625,0.0,16.0,,0.0,0,1,0.0
prompt_09,turn_04,P2,business,G1,15,FD,98.64,71.25,96.18,object,ideation,refinement,,책상 전체가 무선충전이 가능했으면 좋겠어,,,22,18,[프롬프트] 책상 전체가 무선충전이 가능했으면 좋겠어,6.022812,5.832258,13,1,5,0,1,2,6,3,13,0,1.0,0.46153846153846156,0.38461538461538464,0.0,0.07692307692307693,13.0,1.0,0.0,1,0,1.0
prompt_10,turn_05,P2,business,G1,15,FD,98.64,71.25,96.18,object,ideation,refinement,,글고 책상 디자인이 왜이래 공부하기 불편할거 같아,,,27,21,[프롬프트] 글고 책상 디자인이 왜이래 공부하기 불편할거 같아,6.267079,5.516903,16,1,5,2,0,1,8,4,15,0,0.9375,0.5,0.3125,0.125,0.0,16.0,1.0,0.0,2,1,0.6666666666666666
prompt_11,turn_06,P2,business,G1,15,FD,98.64,71.25,96.18,object,ideation,selection,"1️⃣ 실제 공부용 책상 렌더링 (사람이 앉아 있는 느낌 포함)
2️⃣ 무선충전 구조 투시도 (내부 기술 강조형)
3️⃣ 브랜드 홍보용 목업 (따뜻한 감성 + 미니멀 인테리어)",브랜드 홍보용 목업 (따뜻한 감성 + 미니멀 인테리어),,,30,23,[프롬프트] 브랜드 홍보용 목업 (따뜻한 감성 + 미니멀 인테리어),5.3131914,4.8655663,14,1,7,0,0,0,7,2,14,0,1.0,0.5,0.5,0.0,0.0,14.0,,0.0,0,1,0.0
prompt_12,turn_07,P2,business,G1,15,FD,98.64,71.25,96.18,object,ideation,refinement,,뭔가 대학생이 공부하는 느낌이 아니지 않아?,,,24,19,[프롬프트] 뭔가 대학생이 공부하는 느낌이 아니지 않아?,6.895836,5.132511,14,1,4,1,0,2,5,3,13,0,0.9285714285714286,0.35714285714285715,0.2857142857142857,0.07142857142857142,0.0,14.0,0.5,0.0,1,0,1.0
prompt_13,turn_08,P2,business,G1,15,FD,98.64,71.25,96.18,object,ideation,selection,"🎯 새 버전 콘셉트 — ‘FlowDesk Campus’

🧠 1 분위기
• 홍익대 기숙사나 자취방, 스터디카페 느낌
• 저녁 조명 아래 집중하는 현실적인 공부 환경
• 노트북, 아이패드, 필기구, 음료컵 등 실생활 아이템 배치
• 약간 어질러져 있지만 감성적인 현실+감성 밸런스

⚡ 2 기능
• 여전히 상판 전체 무선충전 가능
• 충전 중인 스마트폰과 이어폰, 노트북 표시
• LED 조명은 따뜻한 화이트톤 (눈부심 X)
• 터치 스위치나 충전 표시 아이콘이 살짝 보이게

🎨 3 디자인 무드
• 밝은 원목 + 화이트 프레임 유지
• 배경에 책, 전등, 필통, 커피잔, 노트 등 대학생 아이템
• 의자는 인체공학형 공부용 체어

이대로 “대학생이 실제 공부 중인 감성적 목업”으로 이미지 만들어줄까?
아니면 조금 더 기술 제품 광고 느낌(예: 애플 스타일)으로 갈까?","🎯 새 버전 콘셉트 — ‘FlowDesk Campus’ 🧠 1 분위기 • 홍익대 기숙사나 자취방, 스터디카페 느낌",,,63,48,"[프롬프트] 🎯 새 버전 콘셉트 — ‘FlowDesk Campus’ 🧠 1 분위기 • 홍익대 기숙사나 자취방, 스터디카페 느낌",4.9754376,4.633337,0,1,0,0,0,0,0,0,0,0,,,,,,0.0,,,2,0,1.0
prompt_14,turn_09,P2,business,G1,15,FD,98.64,71.25,96.18,object,final,refinement,,학교에서 전자기기를 사용하는데 천장 레일형 콘센트 어때,,,30,24,[프롬프트] 학교에서 전자기기를 사용하는데 천장 레일형 콘센트 어때,6.781165,6.1157985,14,1,9,0,0,1,9,2,14,0,1.0,0.6428571428571429,0.6428571428571429,0.0,0.0,14.0,1.0,0.0,2,4,0.3333333333333333
prompt_15,turn_09,P2,business,G1,15,FD,98.64,71.25,96.18,object,final,refinement,"🌿 6 디자인 제안

• 컬러: 흰색 레일 + 라이트 그레이 모듈 (학교 천장 색과 자연스럽게 어우러짐)
• 조명과 통합형도 가능 (조명 + 전원 동시 제공)
• 케이블이 내려올 때 자동 줄감형 구조로 깔끔함 유지

솔직히 보람처럼 디자인 감각 있고 기술적 디테일까지 고려하는 사람이라면
이 아이디어를 학교 공간 혁신 프로젝트나 창업 아이디어로 발전시켜도 될 정도야.

원해? 내가 이 “천장 레일형 콘센트 시스템”을
제품 아이디어 시각화 이미지(예: 실제 강의실에 설치된 느낌)로 만들어줄 수도 있어.
해볼까?",이미지 만들어봐,,,8,7,[프롬프트] 이미지 만들어봐,4.416905,5.231164,5,1,1,2,0,0,3,0,5,0,1.0,0.6,0.2,0.4,0.0,5.0,,0.0,0,1,0.0
prompt_16,turn_01,P3,design,G2,16,FI,95.33,32.47,99.76,verbal,ideation,initial,,우리학교는 건물이 많고 겹쳐져 있어 연결된 부분이 복잡하고 출구도 많아. 그래서 특정 목적지에 가기 위해서 지름길을 찾기 어렵고 방문자들이 길을 찾기 어려워하는 경우가 있어. 이 문제를 해결하기 위해 길 안내 디바이스를 만드려고 해 캡쳐한 화면의 왼쪽에 있는 표는 이 문제를 해결하기 위해서 내 아아디어를 구체화한 표야. 표를 기반으로 디바이스의 모습을 실물처럼 뽑아줘.,reference,P3_turn_01.png,207,156,[프롬프트] 우리학교는 건물이 많고 겹쳐져 있어 연결된 부분이 복잡하고 출구도 많아. 그래서 특정 목적지에 가기 위해서 지름길을 찾기 어렵고 방문자들이 길을 찾기 어려워하는 경우가 있어. 이 문제를 해결하기 위해 길 안내 디바이스를 만드려고 해 캡쳐한 화면의 왼쪽에 있는 표는 이 문제를 해결하기 위해서 내 아아디어를 구체화한 표야. 표를 기반으로 디바이스의 모습을 실물처럼 뽑아줘.,8.603755,7.681652,116,4,31,17,3,16,52,27,63,0,0.5431034482758621,0.4482758620689655,0.2672413793103448,0.14655172413793102,0.02586206896551724,29.0,0.4375,0.0,6,1,0.8571428571428571
prompt_17,turn_02,P3,design,G2,16,FI,95.33,32.47,99.76,verbal,final,refinement,,팀원들과 아이디어를 더 디벨롭해서 만들었어 이 기능들을 반영해서 실제 모습처럼 디벨롭한 이미지를 만들어줘,reference,P3_turn_02.png,58,46,[프롬프트] 팀원들과 아이디어를 더 디벨롭해서 만들었어 이 기능들을 반영해서 실제 모습처럼 디벨롭한 이미지를 만들어줘,4.3183317,5.5983124,31,1,8,2,0,4,11,8,25,0,0.8064516129032258,0.3548387096774194,0.25806451612903225,0.06451612903225806,0.0,31.0,0.75,0.0,0,2,0.0
prompt_18,turn_01,P4,design,G2,10,FD,97.72,3.94,98.31,verbal,ideation,initial,,이를 바탕으로 오른쪽 사진참고해서 야외의 느낌으로 제작해줘,reference,P4_turn_01_1.png,32,26,[프롬프트] 이를 바탕으로 오른쪽 사진참고해서 야외의 느낌으로 제작해줘,4.1693463,5.385746,17,1,6,2,0,1,8,2,15,0,0.8823529411764706,0.47058823529411764,0.35294117647058826,0.11764705882352941,0.0,17.0,1.0,0.0,1,0,1.0
prompt_19,turn_01,P4,design,G2,10,FD,97.72,3.94,98.31,verbal,ideation,initial,,이를 바탕으로 오른쪽 사진참고해서 야외의 느낌으로 제작해줘,reference,P4_turn_01_2.png,32,26,[프롬프트] 이를 바탕으로 오른쪽 사진참고해서 야외의 느낌으로 제작해줘,4.0984282,5.1968856,17,1,6,2,0,1,8,2,15,0,0.8823529411764706,0.47058823529411764,0.35294117647058826,0.11764705882352941,0.0,17.0,1.0,0.0,1,0,1.0
prompt_20,turn_02,P4,design,G2,10,FD,97.72,3.94,98.31,verbal,ideation,refinement,,옆에 텍스트들은 빼주고 표지판 디자인은 트렌티하게 곡선적으로 해줘,,,36,29,[프롬프트] 옆에 텍스트들은 빼주고 표지판 디자인은 트렌티하게 곡선적으로 해줘,3.5988977,5.5818386,21,1,6,2,0,2,8,5,18,0,0.8571428571428571,0.38095238095238093,0.2857142857142857,0.09523809523809523,0.0,21.0,0.5,0.0,0,2,0.0
prompt_21,turn_03,P4,design,G2,10,FD,97.72,3.94,98.31,verbal,ideation,refinement,,좀 더 안의 내용을 구체적으로 적어줄래,,,21,16,[프롬프트] 좀 더 안의 내용을 구체적으로 적어줄래,3.8979309,5.681903,11,1,3,1,0,1,6,1,11,0,1.0,0.5454545454545454,0.2727272727272727,0.09090909090909091,0.0,11.0,1.0,0.0,0,0,
prompt_22,turn_04,P4,design,G2,10,FD,97.72,3.94,98.31,verbal,final,refinement,,"이미지에 있는 아이디어 참고해서 학교 캠퍼스에 설치된 길안내 키오스크 패드를 만들어줘. 엘리베이터가 어디에 있는지 알려주는 기능, 현재 위치와 목적지까지의 경로를 표시해줘. ",reference,P4_turn_04.png,97,76,"[프롬프트] 이미지에 있는 아이디어 참고해서 학교 캠퍼스에 설치된 길안내 키오스크 패드를 만들어줘. 엘리베이터가 어디에 있는지 알려주는 기능, 현재 위치와 목적지까지의 경로를 표시해줘. ",8.42612,7.7742167,50,2,15,6,1,4,22,6,40,0,0.8,0.44,0.3,0.12,0.02,25.0,1.0,0.0,3,3,0.5
prompt_23,turn_01,P5,business,G2,16,FI,98.64,96.19,80.01,object,ideation,initial,,"학교 내 건물을 이동할 때 가장 최적화된 길을 알려주는 프로그램 이미지를 생성해 줘. 학교에 숨겨진 지름길을 알려하고 빨리 이동할 수 있는 방법을 설명해주는 프로그램이야. 기능은 몇동 몇층이 몇동 몇층과 이어지는지, 어떻게 갈 수 있는지(예: L동 엘레베이터를 타고 몇층까지 간다)알려줘. 예상 소요 시간과 예상 소모 체력 (HP?하트?)이 얼마나 되는지도 알려줘.",,,204,156,"[프롬프트] 학교 내 건물을 이동할 때 가장 최적화된 길을 알려주는 프로그램 이미지를 생성해 줘. 학교에 숨겨진 지름길을 알려하고 빨리 이동할 수 있는 방법을 설명해주는 프로그램이야. 기능은 몇동 몇층이 몇동 몇층과 이어지는지, 어떻게 갈 수 있는지(예: L동 엘레베이터를 타고 몇층까지 간다)알려줘. 예상 소요 시간과 예상 소모 체력 (HP?하트?)이 얼마나 되는지도 알려줘.",7.970951,7.504239,119,6,35,13,1,10,52,15,70,0,0.5882352941176471,0.4369747899159664,0.29411764705882354,0.1092436974789916,0.008403361344537815,19.833333333333332,0.6,0.0,5,3,0.625
prompt_24,turn_02,P5,business,G2,16,FI,98.64,96.19,80.01,object,ideation,refinement,,그렇게 말고 지도 앱처럼 최적화된 길을 알려주는 거야,,,29,22,[프롬프트] 그렇게 말고 지도 앱처럼 최적화된 길을 알려주는 거야,7.848288,7.5934405,16,1,3,2,1,1,6,2,16,0,1.0,0.375,0.1875,0.125,0.0625,16.0,1.0,0.0,0,2,0.0
prompt_25,turn_03,P5,business,G2,16,FI,98.64,96.19,80.01,object,ideation,refinement,,우리학교 지도야,reference,P5_turn_03.png,8,7,[프롬프트] 우리학교 지도야,6.811871,4.8342385,4,1,2,0,0,0,2,0,4,0,1.0,0.5,0.5,0.0,0.0,4.0,,0.0,1,1,0.5
prompt_26,turn_04,P5,business,G2,16,FI,98.64,96.19,80.01,object,ideation,refinement,어디서 어디로 가는 경로를 만들까요?,H동에서 Q동 갈때 3층을 통과하면 이어져있어.,,,26,21,[프롬프트] H동에서 Q동 갈때 3층을 통과하면 이어져있어.,5.6150045,4.821205,19,1,5,2,0,1,7,2,17,0,0.8947368421052632,0.3684210526315789,0.2631578947368421,0.10526315789473684,0.0,19.0,1.0,0.0,0,0,
prompt_27,turn_05,P5,business,G2,16,FI,98.64,96.19,80.01,object,ideation,refinement,"1️⃣ 현실적인 지도 앱 UI 스타일 (네이버 지도 / 구글 지도처럼)
2️⃣ 게임처럼 귀엽고 상징적인 HP·아이콘기반 UI
3️⃣ 타로카드나 인포그래픽처럼 디자인적인 감성 UI",1번,,,2,2,[프롬프트] 1번,5.225023,4.46648,2,1,0,0,0,0,0,0,2,0,1.0,0.0,0.0,0.0,0.0,2.0,,0.0,0,0,
prompt_28,turn_06,P5,business,G2,16,FI,98.64,96.19,80.01,object,ideation,refinement,,게임처럼 귀엽고 상징적인 HP·아이콘기반 UI,,,25,21,[프롬프트] 게임처럼 귀엽고 상징적인 HP·아이콘기반 UI,4.48132,5.868342,13,1,5,0,1,0,6,0,13,0,1.0,0.46153846153846156,0.38461538461538464,0.0,0.07692307692307693,13.0,,0.0,0,1,0.0
prompt_29,turn_07,P5,business,G2,16,FI,98.64,96.19,80.01,object,ideation,refinement,,"학교 곳곳에 배치되어 있는 길안내 터치패트 이미지를 생성해줘. 세로로 길죽하고 갈끔한 외형을 갖고 있어. 현재 위치 표시, 사용자 개인 휴대폰으로 경로 공유가 가능해. 가장 빨리 갈 수 있는 길과 돌아가더라도 엘레베이터를 이용할 수 있는 길 등 여러가지 질 중 선택할 수 있게 해줘.",,,158,116,"[프롬프트] 학교 곳곳에 배치되어 있는 길안내 터치패트 이미지를 생성해줘. 세로로 길죽하고 갈끔한 외형을 갖고 있어. 현재 위치 표시, 사용자 개인 휴대폰으로 경로 공유가 가능해. 가장 빨리 갈 수 있는 길과 돌아가더라도 엘레베이터를 이용할 수 있는 길 등 여러가지 질 중 선택할 수 있게 해줘.",7.962466,7.9607244,92,4,31,9,0,4,42,11,60,0,0.6521739130434783,0.45652173913043476,0.33695652173913043,0.09782608695652174,0.0,23.0,0.75,0.0,3,3,0.5
prompt_30,turn_08,P5,business,G2,16,FI,98.64,96.19,80.01,object,ideation,refinement,,백화점에 있는것처럼 큰 길안내 터치패드를 생성해줘. 핸드폰 말고,,,35,28,[프롬프트] 백화점에 있는것처럼 큰 길안내 터치패드를 생성해줘. 핸드폰 말고,8.383013,8.075976,22,2,7,2,1,1,10,2,21,0,0.9545454545454546,0.45454545454545453,0.3181818181818182,0.09090909090909091,0.045454545454545456,11.0,1.0,0.0,0,1,0.0
prompt_31,turn_09,P5,business,G2,16,FI,98.64,96.19,80.01,object,final,refinement,,이것처럼 생성해주는데 내가 말한 기능을 넣어서 생성해줘,reference,P5_turn_09.png,30,24,[프롬프트] 이것처럼 생성해주는데 내가 말한 기능을 넣어서 생성해줘,4.487818,5.3040686,20,1,3,2,0,2,5,4,15,0,0.75,0.25,0.15,0.1,0.0,20.0,1.0,0.0,0,1,0.0
prompt_32,turn_01,P6,business,G2,17,FI,99.59,67.53,93.87,object,ideation,initial,,"대학교의 지름길만 안내되어있는 지도를 제작할 거야. 다음 아이디어를 보고 구체적인 이미지로 제작해줘.
1. 디자인 목표 : 누구나 학교의 지름길들을 한눈에 알아볼 수 있는 지도
2. 대상 사용자 및 사용 상황 : 학생들이 연강이 있거나 다른 동으로 급히 이동해야 할 일이 생기는 경우 가장 빠른 길을 확인할 수 있도록 함
3. 디자인 구성 요소 : 최대한 깔끔하고 보기 편안한 디자인으로 만들어줘. 지름길 지도에서는 각 강의동의 출입구(몇 층인지 포함)와 경로를 한눈에 볼 수 있어야 해. 범례로 강의동 몇 층 - 강의동 몇 층으로 경로마다 연결된 강의동이 어디인지도 확인할 수 있게 부탁해.",,,331,246,"[프롬프트] 대학교의 지름길만 안내되어있는 지도를 제작할 거야. 다음 아이디어를 보고 구체적인 이미지로 제작해줘.
1. 디자인 목표 : 누구나 학교의 지름길들을 한눈에 알아볼 수 있는 지도
2. 대상 사용자 및 사용 상황 : 학생들이 연강이 있거나 다른 동으로 급히 이동해야 할 일이 생기는 경우 가장 빠른 길을 확인할 수 있도록 함
3. 디자인 구성 요소 : 최대한 깔끔하고 보기 편안한 디자인으로 만들어줘. 지름길 지도에서는 각 강의동의 출입구(몇 층인지 포함)와 경로를 한눈에 볼 수 있어야 해. 범례로 강의동 몇 층 - 강의동 몇 층으로 경로마다 연결된 강의동이 어디인지도 확인할 수 있게 부탁해.",9.107671,6.6220703,181,8,58,13,1,18,75,31,95,0,0.5248618784530387,0.4143646408839779,0.32044198895027626,0.0718232044198895,0.0055248618784530384,22.625,0.5555555555555556,0.0,8,8,0.5
prompt_33,turn_02,P6,business,G2,17,FI,99.59,67.53,93.87,object,final,refinement,,"학교의 길안내 패드를 구체적인 사진으로 만들어줘. 외형은 대형 쇼핑몰 같은 곳에 있는 흰색의 길쭉한 스탠드형 길찾기 터치패드이고, 대상 사용자는 학교를 잘 모르는 신입생과 처음 방문한 외부인, 주로 쓰지 않는 건물을 가려는 재학생이야. 주요 특징은 길찾기 기능과 경로 표시 (설명 포함), 오르막길 표시, 현재 위치 표시, 사용자 개인 휴대폰으로 찾은 경로를 공유할 수 있는 QR코드, 출발지를 현위치와 다르게 설정할 수 있는 기능, 건물마다 다른 지도를 제공하려고 하고, 체력표시와 엘레베이터를 탈 수 있는 길을 안내하는 옵션이 들어갔으면 좋겠어.",,,307,232,"[프롬프트] 학교의 길안내 패드를 구체적인 사진으로 만들어줘. 외형은 대형 쇼핑몰 같은 곳에 있는 흰색의 길쭉한 스탠드형 길찾기 터치패드이고, 대상 사용자는 학교를 잘 모르는 신입생과 처음 방문한 외부인, 주로 쓰지 않는 건물을 가려는 재학생이야. 주요 특징은 길찾기 기능과 경로 표시 (설명 포함), 오르막길 표시, 현재 위치 표시, 사용자 개인 휴대폰으로 찾은 경로를 공유할 수 있는 QR코드, 출발지를 현위치와 다르게 설정할 수 있는 기능, 건물마다 다른 지도를 제공하려고 하고, 체력표시와 엘레베이터를 탈 수 있는 길을 안내하는 옵션이 들어갔으면 좋겠어.",8.377958,8.014068,163,3,58,15,3,17,78,25,93,0,0.5705521472392638,0.4785276073619632,0.3558282208588957,0.09202453987730061,0.018404907975460124,54.333333333333336,0.47058823529411764,0.0,7,7,0.5
prompt_34,turn_01,P7,design,G3,8,FD,99.43,80.61,99.76,verbal,ideation,initial,,"지금부터 홍익대학교 비품 관리에 대한 문제 개선 방안을 도출하려고 해. 우리는 화장실의 비누의 배치 및 디자인 방식에 있는 부분에서 불만족을 느끼고 있어. 사진 이미지는 현재 홍익대학교에 배치되어 있는 비누 모습이야.
개선 방안을 간략하게 1줄 정도로 정리해서 5개 정도만 제안해줄 수 있을까?

문제점: 비누 관리가 안됨. 건조 되고, 물기가 다시 묻는 과정에서 비누 덩어리가 떨어짐.",reference,P7_turn_01.png,216,165,"[프롬프트] 지금부터 홍익대학교 비품 관리에 대한 문제 개선 방안을 도출하려고 해. 우리는 화장실의 비누의 배치 및 디자인 방식에 있는 부분에서 불만족을 느끼고 있어. 사진 이미지는 현재 홍익대학교에 배치되어 있는 비누 모습이야.
개선 방안을 간략하게 1줄 정도로 정리해서 5개 정도만 제안해줄 수 있을까?

문제점: 비누 관리가 안됨. 건조 되고, 물기가 다시 묻는 과정에서 비누 덩어리가 떨어짐.",1.7567502,3.859457,108,6,39,8,0,12,49,18,70,0,0.6481481481481481,0.4537037037037037,0.3611111111111111,0.07407407407407407,0.0,18.0,0.5,0.0,7,6,0.5384615384615384
prompt_35,turn_02,P7,design,G3,8,FD,99.43,80.61,99.76,verbal,ideation,refinement,,디자인적으로 개선하는 방안을 도출해줘.,,,21,18,[프롬프트] 디자인적으로 개선하는 방안을 도출해줘.,3.8764172,6.229693,14,1,4,0,0,1,4,4,12,0,0.8571428571428571,0.2857142857142857,0.2857142857142857,0.0,0.0,14.0,1.0,0.0,1,1,0.5
prompt_36,turn_03,P7,design,G3,8,FD,99.43,80.61,99.76,verbal,ideation,refinement,,비누 자체의 디자인을 바꾸는 것도 고려할 수 있을까?,,,29,22,[프롬프트] 비누 자체의 디자인을 바꾸는 것도 고려할 수 있을까?,2.108561,4.054734,16,1,4,2,0,3,6,4,16,0,1.0,0.375,0.25,0.125,0.0,16.0,1.0,0.0,0,2,0.0
prompt_37,turn_04,P7,design,G3,8,FD,99.43,80.61,99.76,verbal,ideation,refinement,,"자동 비누 디스펜서로 교체 – 고체 비누 대신 액상 또는 폼형 비누 디스펜서를 설치하여 위생성과 관리 효율을 높임.

위의 아이디어로 선정하려고 해. 이때 디스펜서에서도 디자인적으로 개선 방안이 적용되었으면 좋겠어.
주요 아이디어, 디자인 목표, 대상 사용자 및 사용 상황, 디자인 구성 요소(형태나 외형, 주요 특징 및 기능, 시각적 스타일)을 작성해줘.",,,199,153,"[프롬프트] 자동 비누 디스펜서로 교체 – 고체 비누 대신 액상 또는 폼형 비누 디스펜서를 설치하여 위생성과 관리 효율을 높임.

위의 아이디어로 선정하려고 해. 이때 디스펜서에서도 디자인적으로 개선 방안이 적용되었으면 좋겠어.
주요 아이디어, 디자인 목표, 대상 사용자 및 사용 상황, 디자인 구성 요소(형태나 외형, 주요 특징 및 기능, 시각적 스타일)을 작성해줘.",2.0028837,3.8629081,89,4,46,2,1,5,52,11,65,0,0.7303370786516854,0.5842696629213483,0.5168539325842697,0.02247191011235955,0.011235955056179775,22.25,1.0,0.0,4,12,0.25
prompt_38,turn_05,P7,design,G3,8,FD,99.43,80.61,99.76,verbal,ideation,refinement,"2. 디자인 목표 구분        목표 내용 위생성 강화        비접촉식 센서를 통한 감염 예방, 청결 유지 관리 효율성        리필·배터리 교체의 용이화, 비품 관리 최소화 심미적 일체성        세면대, 타일, 조명 환경과 시각적 통일성 확보 지속 가능성        리필 가능 용기 및 저비용 유지 관리 구조 사용자 경험 향상        직관적 위치 인식, 시각적 피드백(LED 등) 제공
3. 대상 사용자 및 사용 상황 항목        설명 대상 사용자        홍익대학교 학생, 교직원, 외부 방문자 등 불특정 다수 사용 맥락        교내 화장실, 스튜디오·공방·실습실 등 손 세정 빈도가 높은 공간 상황 특징        빠른 이동·짧은 사용 시간 / 다수 인원의 연속 사용 / 세면대 주변의 높은 수분·습도 환경 문제 인식        기존 비누의 불결한 시각 인상, 관리 미흡으로 인한 비품 신뢰도 저하","2, 3번은 1-2줄로 정리해야해.",,,19,16,"[프롬프트] 2, 3번은 1-2줄로 정리해야해.",5.4500923,4.7387466,14,1,2,1,0,1,3,2,13,0,0.9285714285714286,0.21428571428571427,0.14285714285714285,0.07142857142857142,0.0,14.0,1.0,0.0,0,0,
prompt_39,turn_06,P7,design,G3,8,FD,99.43,80.61,99.76,verbal,ideation,refinement,,세면대에 있는 제품 이미지 만들어줘. 사실적이고 현실감 있는 구체적인 이미지어야 해. 제품은 디자인 구성 요소를 참고해서 미니멀하면서도 타원형으로 세련되게 만들어줬으면 좋겠어.,,,98,78,[프롬프트] 세면대에 있는 제품 이미지 만들어줘. 사실적이고 현실감 있는 구체적인 이미지어야 해. 제품은 디자인 구성 요소를 참고해서 미니멀하면서도 타원형으로 세련되게 만들어줬으면 좋겠어.,3.2050445,5.4661837,53,3,13,9,1,3,23,4,36,0,0.6792452830188679,0.4339622641509434,0.24528301886792453,0.16981132075471697,0.018867924528301886,17.666666666666668,1.0,0.0,1,5,0.16666666666666666
prompt_40,turn_07,P7,design,G3,8,FD,99.43,80.61,99.76,verbal,ideation,refinement,,레퍼런스 참고해서 연필 스케치 형태로 이제 바꿔줘.,reference,P7_turn_07.png,28,22,[프롬프트] 레퍼런스 참고해서 연필 스케치 형태로 이제 바꿔줘.,3.7527432,4.934943,16,1,4,4,0,0,9,0,15,0,0.9375,0.5625,0.25,0.25,0.0,16.0,,0.0,0,2,0.0
prompt_41,turn_08,P7,design,G3,8,FD,99.43,80.61,99.76,verbal,ideation,refinement,,위의 이미지를 그대로 연필 스케치 모양으로 바꿔줘야 하는거야.,reference,P7_turn_08.png,34,27,[프롬프트] 위의 이미지를 그대로 연필 스케치 모양으로 바꿔줘야 하는거야.,3.757001,4.936795,18,1,5,2,0,3,8,3,18,0,1.0,0.4444444444444444,0.2777777777777778,0.1111111111111111,0.0,18.0,1.0,0.0,0,2,0.0
prompt_42,turn_09,P7,design,G3,8,FD,99.43,80.61,99.76,verbal,ideation,refinement,,해당 스케치를 연필 모양 스케치로 바꿔줘,,,22,17,[프롬프트] 해당 스케치를 연필 모양 스케치로 바꿔줘,3.7987773,4.556734,9,1,5,1,0,1,6,1,8,0,0.8888888888888888,0.6666666666666666,0.5555555555555556,0.1111111111111111,0.0,9.0,1.0,0.0,0,2,0.0
prompt_43,turn_10,P7,design,G3,8,FD,99.43,80.61,99.76,verbal,final,refinement,,"하단 조건을 보고 연필 스케치 이미지를 만들어줘.

관리와 사용의 편의성을 고려한 액체 비누 용기 디자인

홍익대학교 이용객이 화장실에서 비누를 사용하는 상황

벽걸이로 하면서 손소독제처럼 손을 인식해서 자동으로 비누가 나오도록하는 시스템
잔량을 확인할 수 있는 투명한 외관과 눈금 표시
홍익대학교 내의 전공 아이덴티티를 살려서 외형을 바꾸어 디자인. 미니멀하고 깔끔한 디자인, 사각형의 디자인(외곽은 약간 동글려서)
>디자인: 노란색, R 이니셜 반영 >경영: 파란색, A,B 이니셜 반영
투명용기로 잔량 표시 및 육안으로 직관적인 확인 가능
자동인식으로 1회분씩 지급",,,319,254,"[프롬프트] 하단 조건을 보고 연필 스케치 이미지를 만들어줘.

관리와 사용의 편의성을 고려한 액체 비누 용기 디자인

홍익대학교 이용객이 화장실에서 비누를 사용하는 상황

벽걸이로 하면서 손소독제처럼 손을 인식해서 자동으로 비누가 나오도록하는 시스템
잔량을 확인할 수 있는 투명한 외관과 눈금 표시
홍익대학교 내의 전공 아이덴티티를 살려서 외형을 바꾸어 디자인. 미니멀하고 깔끔한 디자인, 사각형의 디자인(외곽은 약간 동글려서)
>디자인: 노란색, R 이니셜 반영 >경영: 파란색, A,B 이니셜 반영
투명용기로 잔량 표시 및 육안으로 직관적인 확인 가능
자동인식으로 1회분씩 지급",1.926831,4.007601,146,3,67,9,0,14,78,22,92,0,0.6301369863013698,0.5342465753424658,0.4589041095890411,0.06164383561643835,0.0,48.666666666666664,0.5,0.0,8,13,0.38095238095238093
prompt_44,turn_11,P7,design,G3,8,FD,99.43,80.61,99.76,verbal,final,refinement,,디자인 다시 해줘. 너무 사각형이지 않고 조금 둥근 디자인이어도 돼. 텍스트는 없애줘,,,47,36,[프롬프트] 디자인 다시 해줘. 너무 사각형이지 않고 조금 둥근 디자인이어도 돼. 텍스트는 없애줘,3.5857782,5.8218517,25,3,4,3,1,1,11,1,21,0,0.84,0.44,0.16,0.12,0.04,8.333333333333334,1.0,0.0,0,2,0.0
prompt_45,turn_01,P8,design,G3,18,FI,98.99,56.02,99.76,verbal,ideation,initial,,비누 자동배급 장치에 대한 아이디어 스케치를 연필스케치로 해줘. 이 장치는 중앙이나 안보이는 곳에 커다란 비누통이 있고 세면대마다 고양이 사료지급기처럼 액체 또는 거품 비누가 나오는 장치야.,,,106,82,[프롬프트] 비누 자동배급 장치에 대한 아이디어 스케치를 연필스케치로 해줘. 이 장치는 중앙이나 안보이는 곳에 커다란 비누통이 있고 세면대마다 고양이 사료지급기처럼 액체 또는 거품 비누가 나오는 장치야.,2.2183464,3.8502402,50,2,20,5,1,6,28,6,39,0,0.78,0.56,0.4,0.1,0.02,25.0,1.0,0.0,1,8,0.1111111111111111
prompt_46,turn_02,P8,design,G3,18,FI,98.99,56.02,99.76,verbal,ideation,refinement,,"그리고 모던하고 간단하면서 스테인리스 느낌의 장치이고, 연필 스케치로 해",,,40,32,"[프롬프트] 그리고 모던하고 간단하면서 스테인리스 느낌의 장치이고, 연필 스케치로 해",3.3147283,4.83146,19,1,8,1,0,1,9,3,16,0,0.8421052631578947,0.47368421052631576,0.42105263157894735,0.05263157894736842,0.0,19.0,1.0,0.0,0,2,0.0
prompt_47,turn_01,P9,business,G3,12,FD,97.04,91.37,99.66,verbal,ideation,initial,,"하단의 버튼을 누르면 액체형 비누가 나오는 육면체 형태, 중간 크기, 쉽게 눌리는 버튼으로 누구나 편하게 쓸 수 있도록 함, 회색 및 하얀색으로 눈이 편한 색의 액체형 비누를 담을 수 있는 통을 연필 스케치로 그림 그려줘",,,123,89,"[프롬프트] 하단의 버튼을 누르면 액체형 비누가 나오는 육면체 형태, 중간 크기, 쉽게 눌리는 버튼으로 누구나 편하게 쓸 수 있도록 함, 회색 및 하얀색으로 눈이 편한 색의 액체형 비누를 담을 수 있는 통을 연필 스케치로 그림 그려줘",2.4671328,4.053892,64,1,22,8,3,8,34,8,47,0,0.734375,0.53125,0.34375,0.125,0.046875,64.0,0.75,0.0,0,6,0.0
prompt_48,turn_02,P9,business,G3,12,FD,97.04,91.37,99.66,verbal,ideation,refinement,,"하단에 버튼이 있는, 버튼을 누를 때 손바닥이 보이게 눌러야 하는 버튼, 흰색 바탕에 버튼은 회색으로 색을 입혀줘",,,63,47,"[프롬프트] 하단에 버튼이 있는, 버튼을 누를 때 손바닥이 보이게 눌러야 하는 버튼, 흰색 바탕에 버튼은 회색으로 색을 입혀줘",2.6056428,4.260456,36,1,12,6,0,5,18,5,26,0,0.7222222222222222,0.5,0.3333333333333333,0.16666666666666666,0.0,36.0,0.6,0.0,0,4,0.0
prompt_49,turn_03,P9,business,G3,12,FD,97.04,91.37,99.66,verbal,ideation,refinement,,"하단의 버튼을 누르면 액체형 비누가 나오는 육면체 형태, 중간 크기, 쉽게 눌리는 버튼으로 누구나 편하게 쓸 수 있도록 함, 회색 및 하얀색으로 눈이 편한 색의 액체형 비누를 담을 수 있는 통을 연필 스케치로 색 넣어서 그림 그려줘",,,129,93,"[프롬프트] 하단의 버튼을 누르면 액체형 비누가 나오는 육면체 형태, 중간 크기, 쉽게 눌리는 버튼으로 누구나 편하게 쓸 수 있도록 함, 회색 및 하얀색으로 눈이 편한 색의 액체형 비누를 담을 수 있는 통을 연필 스케치로 색 넣어서 그림 그려줘",2.3628168,3.8984528,67,1,23,9,3,8,36,8,49,0,0.7313432835820896,0.5373134328358209,0.34328358208955223,0.13432835820895522,0.04477611940298507,67.0,0.75,0.0,0,6,0.0
prompt_50,turn_04,P9,business,G3,12,FD,97.04,91.37,99.66,verbal,ideation,refinement,,위에 뚜껑이 있어서 액체 비누를 쉽게 보충할 수 있는 사각형 통,,,35,25,[프롬프트] 위에 뚜껑이 있어서 액체 비누를 쉽게 보충할 수 있는 사각형 통,2.049986,3.4450953,19,1,7,2,1,2,10,3,18,0,0.9473684210526315,0.5263157894736842,0.3684210526315789,0.10526315789473684,0.05263157894736842,19.0,1.0,0.0,0,1,0.0
prompt_51,turn_05,P9,business,G3,12,FD,97.04,91.37,99.66,verbal,ideation,refinement,,"위에 뚜껑이 있어서 액체 비누를 쉽게 보충할 수 있는 사각형 통, 하단의 버튼을 누르면 액체형 비누가 나오는 육면체 형태, 중간 크기, 쉽게 눌리는 버튼으로 누구나 편하게 쓸 수 있도록 함, 회색 및 하얀색으로 눈이 편한 색의 액체형 비누를 담을 수 있는 통을 연필 스케치로 색 넣어서 그림 그려줘",,,166,119,"[프롬프트] 위에 뚜껑이 있어서 액체 비누를 쉽게 보충할 수 있는 사각형 통, 하단의 버튼을 누르면 액체형 비누가 나오는 육면체 형태, 중간 크기, 쉽게 눌리는 버튼으로 누구나 편하게 쓸 수 있도록 함, 회색 및 하얀색으로 눈이 편한 색의 액체형 비누를 담을 수 있는 통을 연필 스케치로 색 넣어서 그림 그려줘",2.113526,3.8090482,87,1,30,11,4,10,46,11,55,0,0.632183908045977,0.5287356321839081,0.3448275862068966,0.12643678160919541,0.04597701149425287,87.0,0.6,0.0,0,7,0.0
prompt_52,turn_06,P9,business,G3,12,FD,97.04,91.37,99.66,verbal,final,refinement,,"연필 스케치로 부탁해 1. 형태나 외형: 벽걸이로 하면서 손소독제처럼 손을 인식해서 자동으로 비누가 나오도록하는 시스템, 잔량을 확인할 수 있는 투명한 외관과 눈금 표시, 홍익대학교 내의 전공 아이덴티티를 살려서 외형을 바꾸어 디자인. 미니멀하고 깔끔한 디자인, 사각형의 디자인(외곽은 약간 동글려서)
(예)>디자인학과: 노란색, R 이니셜 반영 >경영학과: 파란색, A,B 이니셜 반영
2. 주요 특징 및 기능: 투명용기로 잔량 표시 및 육안으로 직관적인 확인 가능, 자동인식으로 1회분씩 지급",,,277,216,"[프롬프트] 연필 스케치로 부탁해 1. 형태나 외형: 벽걸이로 하면서 손소독제처럼 손을 인식해서 자동으로 비누가 나오도록하는 시스템, 잔량을 확인할 수 있는 투명한 외관과 눈금 표시, 홍익대학교 내의 전공 아이덴티티를 살려서 외형을 바꾸어 디자인. 미니멀하고 깔끔한 디자인, 사각형의 디자인(외곽은 약간 동글려서)
(예)>디자인학과: 노란색, R 이니셜 반영 >경영학과: 파란색, A,B 이니셜 반영
2. 주요 특징 및 기능: 투명용기로 잔량 표시 및 육안으로 직관적인 확인 가능, 자동인식으로 1회분씩 지급",2.2171848,3.4615524,132,4,56,7,0,9,66,16,84,0,0.6363636363636364,0.5,0.42424242424242425,0.05303030303030303,0.0,33.0,0.7777777777777778,0.0,1,12,0.07692307692307693
prompt_53,turn_07,P9,business,G3,12,FD,97.04,91.37,99.66,verbal,final,refinement,,"연필 스케치로 부탁해 1. 형태나 외형: 벽걸이로 하면서 손소독제처럼 손을 인식해서 자동으로 비누가 나오도록하는 시스템, 잔량을 확인할 수 있는 통 전체적으로 투명한 외관과 눈금 표시, 홍익대학교 내의 전공 아이덴티티를 살려서 외형을 바꾸어 디자인. 미니멀하고 깔끔한 디자인, 사각형의 디자인(외곽은 약간 동글려서)
(예)>디자인학과: 노란색, R 이니셜 반영 >경영학과: 파란색, A,B 이니셜 반영
2. 주요 특징 및 기능: 투명용기로 잔량 표시 및 육안으로 직관적인 확인 가능, 자동인식으로 1회분씩 지급, 디자인학과와 경영학과 모두 출력",,,304,237,"[프롬프트] 연필 스케치로 부탁해 1. 형태나 외형: 벽걸이로 하면서 손소독제처럼 손을 인식해서 자동으로 비누가 나오도록하는 시스템, 잔량을 확인할 수 있는 통 전체적으로 투명한 외관과 눈금 표시, 홍익대학교 내의 전공 아이덴티티를 살려서 외형을 바꾸어 디자인. 미니멀하고 깔끔한 디자인, 사각형의 디자인(외곽은 약간 동글려서)
(예)>디자인학과: 노란색, R 이니셜 반영 >경영학과: 파란색, A,B 이니셜 반영
2. 주요 특징 및 기능: 투명용기로 잔량 표시 및 육안으로 직관적인 확인 가능, 자동인식으로 1회분씩 지급, 디자인학과와 경영학과 모두 출력",1.8643501,3.6204972,143,4,64,7,0,10,74,17,90,0,0.6293706293706294,0.5174825174825175,0.44755244755244755,0.04895104895104895,0.0,35.75,0.8,0.0,1,13,0.07142857142857142
prompt_54,turn_01,P10,business,G3,10,FD,21.0,83.39,88.36,verbal,ideation,initial,,나는 화장실에 배치되어있는 일반 비누가 마음에 안들어서 아이 깨끗해처럼 누르면 거품이 나오는 거품비누를 배치하고 싶어. 편리하게 쓰고 버릴 수 있도록 하면서 누르면 고양이 발바닭 비누가 나오는 거품비누 제품을 그려줘,,,120,92,[프롬프트] 나는 화장실에 배치되어있는 일반 비누가 마음에 안들어서 아이 깨끗해처럼 누르면 거품이 나오는 거품비누를 배치하고 싶어. 편리하게 쓰고 버릴 수 있도록 하면서 누르면 고양이 발바닭 비누가 나오는 거품비누 제품을 그려줘,2.224382,4.088415,67,2,20,10,0,6,31,9,45,0,0.6716417910447762,0.4626865671641791,0.29850746268656714,0.14925373134328357,0.0,33.5,0.8333333333333334,0.0,1,5,0.16666666666666666
prompt_55,turn_02,P10,business,G3,10,FD,21.0,83.39,88.36,verbal,ideation,refinement,,아니 겉에 고양이 발바닥이 있는게 아니라 거품을 눌렀을 때 고양이 발바닥이나 강아지 발바닥이 나왔으면 좋겠어. 연필 스케치 버전으로 그려줘,,,77,59,[프롬프트] 아니 겉에 고양이 발바닥이 있는게 아니라 거품을 눌렀을 때 고양이 발바닥이나 강아지 발바닥이 나왔으면 좋겠어. 연필 스케치 버전으로 그려줘,3.14048,4.397707,40,2,12,5,1,5,18,5,32,0,0.8,0.45,0.3,0.125,0.025,20.0,0.6,0.0,0,1,0.0
prompt_56,turn_01,P11,design,G4,16,FI,99.95,56.02,99.99,verbal,ideation,initial,,학교에 종합 위치 정보 안내 키오스크를 만들건데 사람들이 편하게 학교 시설을 이용 가능하게 하고 효율적인 방법으로 목적지에 가게 함(지금 이용하기에 제일 빠른 엘레베이터도 알려준다던가) 요런 기능을 넣을 거야 이걸 연필로 스케치한 것처럼 그려서 만들어줘,,,141,108,[프롬프트] 학교에 종합 위치 정보 안내 키오스크를 만들건데 사람들이 편하게 학교 시설을 이용 가능하게 하고 효율적인 방법으로 목적지에 가게 함(지금 이용하기에 제일 빠른 엘레베이터도 알려준다던가) 요런 기능을 넣을 거야 이걸 연필로 스케치한 것처럼 그려서 만들어줘,8.352459,7.4599447,77,1,24,8,3,5,36,9,59,0,0.7662337662337663,0.4675324675324675,0.3116883116883117,0.1038961038961039,0.03896103896103896,77.0,0.6,0.0,4,3,0.5714285714285714
prompt_57,turn_02,P11,design,G4,16,FI,99.95,56.02,99.99,verbal,final,refinement,,"이 키오스크에 큐알을 추가해주고 이 키오스크와 연동되는 모바일 앱을 하나 만들어줘 키오스크를 통해 큰 화면으로 길을 안내하고, 이동중에도 길을 확인하고싶은 사용자를 위해 QR을 제공하여, 사용자가 휴대폰으로 현위치와 경로를 확인할 수 있도록 도움.",,,138,107,"[프롬프트] 이 키오스크에 큐알을 추가해주고 이 키오스크와 연동되는 모바일 앱을 하나 만들어줘 키오스크를 통해 큰 화면으로 길을 안내하고, 이동중에도 길을 확인하고싶은 사용자를 위해 QR을 제공하여, 사용자가 휴대폰으로 현위치와 경로를 확인할 수 있도록 도움.",8.368248,7.4650335,75,1,24,3,1,10,28,16,52,0,0.6933333333333334,0.37333333333333335,0.32,0.04,0.013333333333333334,75.0,0.5,0.0,3,7,0.3
prompt_58,turn_03,P11,design,G4,16,FI,99.95,56.02,99.99,verbal,final,refinement,,이걸 아까처럼 연필 스케치 그림으로 그려줘,,,23,18,[프롬프트] 이걸 아까처럼 연필 스케치 그림으로 그려줘,3.7359815,5.1186547,12,1,4,1,0,1,5,1,11,0,0.9166666666666666,0.4166666666666667,0.3333333333333333,0.08333333333333333,0.0,12.0,1.0,0.0,0,1,0.0
prompt_59,turn_04,P11,design,G4,16,FI,99.95,56.02,99.99,verbal,final,refinement,,엥 아니 키오스크랑 같이 있어야지 임마,,,21,16,[프롬프트] 엥 아니 키오스크랑 같이 있어야지 임마,5.0307755,4.4429855,10,1,3,2,0,0,6,0,10,0,1.0,0.6,0.3,0.2,0.0,10.0,,0.0,0,1,0.0
prompt_60,turn_01,P12,design,G4,18,FI,99.93,40.42,100.0,verbal,ideation,initial,,"손에 테이크아웃 커피 컵을 들고 있는 장면을 연필 스케치 스타일로 그려줘. 컵 홀더에는 QR 코드가 인쇄되어 있고, 사용자가 그것을 스마트폰으로 스캔하면 컵 위로 캠퍼스 지도가 AR처럼 떠오르는 모습이면 좋겠어. 공중에 떠 있는 작은 인터페이스와 함께 건물과 길이 포함된 미니어처 캠퍼스 지도가 보이고, 특정 위치를 가리키는 핀과 직관적인 길 안내 UI도 들어가면 좋겠어. 전체 이미지는 흑백 드로잉 느낌으로, 깔끔한 구성과 부드러운 음영이 있는 연필 스케치로 표현해줘.",,,263,199,"[프롬프트] 손에 테이크아웃 커피 컵을 들고 있는 장면을 연필 스케치 스타일로 그려줘. 컵 홀더에는 QR 코드가 인쇄되어 있고, 사용자가 그것을 스마트폰으로 스캔하면 컵 위로 캠퍼스 지도가 AR처럼 떠오르는 모습이면 좋겠어. 공중에 떠 있는 작은 인터페이스와 함께 건물과 길이 포함된 미니어처 캠퍼스 지도가 보이고, 특정 위치를 가리키는 핀과 직관적인 길 안내 UI도 들어가면 좋겠어. 전체 이미지는 흑백 드로잉 느낌으로, 깔끔한 구성과 부드러운 음영이 있는 연필 스케치로 표현해줘.",8.636185,6.8443403,132,4,46,8,4,12,59,16,81,0,0.6136363636363636,0.44696969696969696,0.3484848484848485,0.06060606060606061,0.030303030303030304,33.0,0.5,0.0,5,11,0.3125
prompt_61,turn_02,P12,design,G4,18,FI,99.93,40.42,100.0,verbal,final,refinement,,"내 아이디어는 홍익대학교 마스코트가 가이드해주는 AR 캠퍼스 길찾기 서비스야.
키오스크, 테이크아웃 컵 홀더, 모바일이 모두 연결되는 시스템이고, 사용자는 키오스크나 컵에 있는 QR 코드를 스캔해서 길 안내를 받을 수 있어.

사용 상황은 학교를 처음 방문한 학생이나 외부 방문객이 길을 잘 몰라서 안내를 받는 상황이야.

이미지에는

키오스크 화면에 QR 코드가 보이고

사용자가 컵을 들고 QR을 스캔하는 장면

휴대폰 화면에서 AR처럼 캐릭터(마스코트)가 나타나서 길을 안내해주는 모습

간단한 캠퍼스 지도나 건물 위치가 함께 보이면 좋겠어

전체적으로 하나의 장면 안에서 이 시스템이 어떻게 작동하는지 이해될 수 있게 구성해줘.

스타일은 연필로 스케치한 것 같은 흑백 드로잉 느낌으로, 아이디어 스케치처럼 부드럽고 깔끔하게 표현해줘.",,,415,329,"[프롬프트] 내 아이디어는 홍익대학교 마스코트가 가이드해주는 AR 캠퍼스 길찾기 서비스야.
키오스크, 테이크아웃 컵 홀더, 모바일이 모두 연결되는 시스템이고, 사용자는 키오스크나 컵에 있는 QR 코드를 스캔해서 길 안내를 받을 수 있어.

사용 상황은 학교를 처음 방문한 학생이나 외부 방문객이 길을 잘 몰라서 안내를 받는 상황이야.

이미지에는

키오스크 화면에 QR 코드가 보이고

사용자가 컵을 들고 QR을 스캔하는 장면

휴대폰 화면에서 AR처럼 캐릭터(마스코트)가 나타나서 길을 안내해주는 모습

간단한 캠퍼스 지도나 건물 위치가 함께 보이면 좋겠어

전체적으로 하나의 장면 안에서 이 시스템이 어떻게 작동하는지 이해될 수 있게 구성해줘.

스타일은 연필로 스케치한 것 같은 흑백 드로잉 느낌으로, 아이디어 스케치처럼 부드럽고 깔끔하게 표현해줘.",8.636012,6.81107,204,5,67,12,7,24,89,36,110,0,0.5392156862745098,0.4362745098039216,0.3284313725490196,0.058823529411764705,0.03431372549019608,40.8,0.375,0.0,14,21,0.4
prompt_62,turn_03,P12,design,G4,18,FI,99.93,40.42,100.0,verbal,final,refinement,,"아이디어를 설명하기 위해 아래 내용을 하나의 이미지로 만들어줘.

홍익대학교 마스코트가 안내해주는 AR 캠퍼스 지도 서비스인데, 사용자가 휴대폰으로 QR 코드를 스캔하면 컵이나 주변 공간 위에 캠퍼스 지도가 AR처럼 나타나는 컨셉이야.

사용자는 테이크아웃 컵 홀더에 있는 QR을 스캔하고,
휴대폰 화면에는 캠퍼스 지도와 현재 위치, 건물 위치가 표시되고,
마스코트 캐릭터가 나타나서 방향을 알려주는 모습이면 좋겠어.

지도에는 위치 표시나 건물 이름이 간단하게 보이면 좋겠고,
컵과 모바일이 연결되는 흐름이 자연스럽게 드러났으면 좋겠어.

전체적으로 복잡하지 않게, 하나의 장면 안에서
QR → 모바일 → AR 지도 → 캐릭터 안내
이 흐름이 보이도록 구성해줘.

스타일은 연필로 그린 흑백 스케치 느낌으로, 아이디어를 설명하는 컨셉 드로잉처럼 표현해줘.",,,423,337,"[프롬프트] 아이디어를 설명하기 위해 아래 내용을 하나의 이미지로 만들어줘.

홍익대학교 마스코트가 안내해주는 AR 캠퍼스 지도 서비스인데, 사용자가 휴대폰으로 QR 코드를 스캔하면 컵이나 주변 공간 위에 캠퍼스 지도가 AR처럼 나타나는 컨셉이야.

사용자는 테이크아웃 컵 홀더에 있는 QR을 스캔하고,
휴대폰 화면에는 캠퍼스 지도와 현재 위치, 건물 위치가 표시되고,
마스코트 캐릭터가 나타나서 방향을 알려주는 모습이면 좋겠어.

지도에는 위치 표시나 건물 이름이 간단하게 보이면 좋겠고,
컵과 모바일이 연결되는 흐름이 자연스럽게 드러났으면 좋겠어.

전체적으로 복잡하지 않게, 하나의 장면 안에서
QR → 모바일 → AR 지도 → 캐릭터 안내
이 흐름이 보이도록 구성해줘.

스타일은 연필로 그린 흑백 스케치 느낌으로, 아이디어를 설명하는 컨셉 드로잉처럼 표현해줘.",8.735476,6.72355,203,6,70,10,3,27,83,38,104,0,0.5123152709359606,0.4088669950738916,0.3448275862068966,0.04926108374384237,0.014778325123152709,33.833333333333336,0.48148148148148145,0.0,10,21,0.3225806451612903
prompt_63,turn_01,P13,business,G4,17,FI,98.64,29.27,98.76,verbal,ideation,initial,,"홍익대학교 교내 길찾기의 어려움의 해결방안으로 낸 아이디어에 대한 어플 아이디어 스케치를 해주세요.
1. 주요 아이디어: GPS와 증강현실을 이용해서 네비게이션처럼 길 안내
2. 디자인 목표: 홍익대학교 내 길찾기에 익숙하지 않은 방문자들이 재미있고 쉽게 길을 찾을 수 있도록, 홍대 마스코트인 ‘와우’를 이용한 홍대 네비게이션 제작
3. 대상 사용자 및 사용 상황: 홍익대학교에 이제 막 입학한 새내기가 홍대 네비게이션을 사용해서 강의실을 찾아감
4. 디자인 구성 요소: 형태나 외형 - 웹사이트, 어플리케이션 / 주요 특징 및 기능 - 복잡한 길을 단순하지만 알아보기 쉽게 구현하고, 사용자가 본인의 위치와 방향을 잘 확인할 수 있도록 함, 와우가 길을 안내해주는 컨셉 증강현실 기능을 통해 화살표를 따라가서 길을 찾을 수 있음 / 시각적 스타일 - ‘와우’를 활용한 친숙하고 단순한 디자인",,,444,338,"[프롬프트] 홍익대학교 교내 길찾기의 어려움의 해결방안으로 낸 아이디어에 대한 어플 아이디어 스케치를 해주세요.
1. 주요 아이디어: GPS와 증강현실을 이용해서 네비게이션처럼 길 안내
2. 디자인 목표: 홍익대학교 내 길찾기에 익숙하지 않은 방문자들이 재미있고 쉽게 길을 찾을 수 있도록, 홍대 마스코트인 ‘와우’를 이용한 홍대 네비게이션 제작
3. 대상 사용자 및 사용 상황: 홍익대학교에 이제 막 입학한 새내기가 홍대 네비게이션을 사용해서 강의실을 찾아감
4. 디자인 구성 요소: 형태나 외형 - 웹사이트, 어플리케이션 / 주요 특징 및 기능 - 복잡한 길을 단순하지만 알아보기 쉽게 구현하고, 사용자가 본인의 위치와 방향을 잘 확인할 수 있도록 함, 와우가 길을 안내해주는 컨셉 증강현실 기능을 통해 화살표를 따라가서 길을 찾을 수 있음 / 시각적 스타일 - ‘와우’를 활용한 친숙하고 단순한 디자인",8.870951,6.498406,223,6,85,16,3,21,109,36,115,0,0.515695067264574,0.48878923766816146,0.3811659192825112,0.07174887892376682,0.013452914798206279,37.166666666666664,0.3333333333333333,0.0,12,11,0.5217391304347826
prompt_64,turn_02,P13,business,G4,17,FI,98.64,29.27,98.76,verbal,ideation,refinement,,어플 내 화면을 아이디어스케치해줘,,,18,15,[프롬프트] 어플 내 화면을 아이디어스케치해줘,4.690269,5.73171,12,1,4,1,0,1,5,2,9,0,0.75,0.4166666666666667,0.3333333333333333,0.08333333333333333,0.0,12.0,1.0,0.0,0,3,0.0
prompt_65,turn_03,P13,business,G4,17,FI,98.64,29.27,98.76,verbal,final,refinement,,"홍익대학교 마스코트가 가이드 해주는 AR 캠퍼스 지도 웹사이트에 대한 아이디어 이미지를 제작해줘.
형태나 외형은 테이크아웃잔 컵홀더, 키오스크, 모바일 웹 서비스이고 주요 특징 및 기능은 '키오스크를 통해 큰 화면으로 길을 안내하고, 이동중에도 길을 확인 하고싶은 사용자를 위해 QR을 제공하여, 사용자가 휴대폰으로 현위치와경로를 확인 할 수 있도록 도움. 또한 컵홀더에도 QR을 프린트 하여 길안내 사이트로의 접근성을 높임.' 이야.",,,243,189,"[프롬프트] 홍익대학교 마스코트가 가이드 해주는 AR 캠퍼스 지도 웹사이트에 대한 아이디어 이미지를 제작해줘.
형태나 외형은 테이크아웃잔 컵홀더, 키오스크, 모바일 웹 서비스이고 주요 특징 및 기능은 '키오스크를 통해 큰 화면으로 길을 안내하고, 이동중에도 길을 확인 하고싶은 사용자를 위해 QR을 제공하여, 사용자가 휴대폰으로 현위치와경로를 확인 할 수 있도록 도움. 또한 컵홀더에도 QR을 프린트 하여 길안내 사이트로의 접근성을 높임.' 이야.",8.918696,7.023439,126,4,49,7,2,17,61,22,82,0,0.6507936507936508,0.48412698412698413,0.3888888888888889,0.05555555555555555,0.015873015873015872,31.5,0.47058823529411764,0.0,5,16,0.23809523809523808
prompt_66,turn_04,P13,business,G4,17,FI,98.64,29.27,98.76,verbal,final,refinement,,사진 속 홍익대 마스코트를 반영해서 연필스케치형태로 다시 생성해줘,,,36,29,[프롬프트] 사진 속 홍익대 마스코트를 반영해서 연필스케치형태로 다시 생성해줘,3.9996467,4.803258,19,1,10,0,0,1,11,3,17,0,0.8947368421052632,0.5789473684210527,0.5263157894736842,0.0,0.0,19.0,1.0,0.0,0,3,0.0
prompt_67,turn_05,P13,business,G4,17,FI,98.64,29.27,98.76,verbal,final,refinement,,사용하는 학생도 함께 넣어줘,,,15,12,[프롬프트] 사용하는 학생도 함께 넣어줘,6.69606,4.7881393,10,1,2,1,0,1,4,2,9,0,0.9,0.4,0.2,0.1,0.0,10.0,1.0,0.0,1,0,1.0
prompt_68,turn_01,P14,design,G5,9,FD,60.8,67.53,96.18,verbal,ideation,initial,,"개인 맞춤형 학사 일정 안내: 학기별 주요 일정, 수강신청, 성적 확인, 졸업 요건 등 자동 알림
상태 기반 체크리스트 제공: 현재 학기, 이수 학점, 전공 필수 현황 등을 바탕으로 필요한 조치 자동 제안
종합시험/논문/졸업요건 통합 관리: 대학원생 및 졸업 예정자를 위한 통합 안내 및 알림 시스템
학생 건의사항 관리 기능 연계: 학사 관련 건의사항을 에이전트를 통해 접수 및 추적 가능
스마트 에이전트와의 대화 인터페이스: 간단한 질의응답을 통해 필요한 정보를 바로 제공받을 수 있음

위의 아이디어를 구체적인 사진 형태로 만들어줘. 홍익대학교 황소 캐릭터 이미지 참고하라고 알려줄게",reference,P14_turn_01.png,328,249,"[프롬프트] 개인 맞춤형 학사 일정 안내: 학기별 주요 일정, 수강신청, 성적 확인, 졸업 요건 등 자동 알림
상태 기반 체크리스트 제공: 현재 학기, 이수 학점, 전공 필수 현황 등을 바탕으로 필요한 조치 자동 제안
종합시험/논문/졸업요건 통합 관리: 대학원생 및 졸업 예정자를 위한 통합 안내 및 알림 시스템
학생 건의사항 관리 기능 연계: 학사 관련 건의사항을 에이전트를 통해 접수 및 추적 가능
스마트 에이전트와의 대화 인터페이스: 간단한 질의응답을 통해 필요한 정보를 바로 제공받을 수 있음

위의 아이디어를 구체적인 사진 형태로 만들어줘. 홍익대학교 황소 캐릭터 이미지 참고하라고 알려줄게",9.009788,5.5704865,145,2,82,7,0,9,93,15,99,0,0.6827586206896552,0.6413793103448275,0.5655172413793104,0.04827586206896552,0.0,72.5,0.3333333333333333,0.0,1,6,0.14285714285714285
prompt_69,turn_02,P14,design,G5,9,FD,60.8,67.53,96.18,verbal,final,refinement,,"개인 맞춤형 학사 일정 안내: 학기별 주요 일정, 수강신청, 성적 확인, 졸업 요건 등 자동 알림
상태 기반 체크리스트 제공: 현재 학기, 이수 학점, 전공 필수 현황 등을 바탕으로 필요한 조치 자동 제안
종합시험/논문/졸업요건 통합 관리: 대학원생 및 졸업 예정자를 위한 통합 안내 및 알림 시스템
학생 건의사항 관리 기능 연계: 학사 관련 건의사항을 에이전트를 통해 접수 및 추적 가능
스마트 에이전트와의 대화 인터페이스: 간단한 질의응답을 통해 필요한 정보를 바로 제공받을 수 있음",,,272,204,"[프롬프트] 개인 맞춤형 학사 일정 안내: 학기별 주요 일정, 수강신청, 성적 확인, 졸업 요건 등 자동 알림
상태 기반 체크리스트 제공: 현재 학기, 이수 학점, 전공 필수 현황 등을 바탕으로 필요한 조치 자동 제안
종합시험/논문/졸업요건 통합 관리: 대학원생 및 졸업 예정자를 위한 통합 안내 및 알림 시스템
학생 건의사항 관리 기능 연계: 학사 관련 건의사항을 에이전트를 통해 접수 및 추적 가능
스마트 에이전트와의 대화 인터페이스: 간단한 질의응답을 통해 필요한 정보를 바로 제공받을 수 있음",8.839092,5.45591,117,1,70,5,0,7,79,13,80,0,0.6837606837606838,0.6752136752136753,0.5982905982905983,0.042735042735042736,0.0,117.0,0.42857142857142855,0.0,0,3,0.0
prompt_70,turn_01,P15,design,G5,16,FI,56.41,74.75,97.72,verbal,ideation,initial,,"사용자의 위치를 인식하여 공간과 관련된 건의사항을 바로 받을 수 있는 시스템을 만들거야. 
학교 건물 위치별로 태깅이 가능한 기기가 설치되어 있어. 앱은 건물의 위치와 층수까지 인식하여 빠른 문제 파악이 가능하고, 모던하고 세련도니 느낌이 들어야 해. 사용자가 이 서비스를 사용하는 모습을 그려줘.",,,166,127,"[프롬프트] 사용자의 위치를 인식하여 공간과 관련된 건의사항을 바로 받을 수 있는 시스템을 만들거야. 
학교 건물 위치별로 태깅이 가능한 기기가 설치되어 있어. 앱은 건물의 위치와 층수까지 인식하여 빠른 문제 파악이 가능하고, 모던하고 세련도니 느낌이 들어야 해. 사용자가 이 서비스를 사용하는 모습을 그려줘.",8.038827,7.0092044,95,4,29,7,1,16,39,25,60,0,0.631578947368421,0.4105263157894737,0.30526315789473685,0.07368421052631578,0.010526315789473684,23.75,0.5625,0.0,8,4,0.6666666666666666
prompt_71,turn_02,P15,design,G5,16,FI,56.41,74.75,97.72,verbal,ideation,refinement,,사용자가 사용하는 플로우를 4컷 만화로 그려줘. 문제 인식 - 서비스 활용 - 문제 해결 과정으로!,,,55,41,[프롬프트] 사용자가 사용하는 플로우를 4컷 만화로 그려줘. 문제 인식 - 서비스 활용 - 문제 해결 과정으로!,8.412691,6.0349183,27,2,11,1,0,2,12,3,24,0,0.8888888888888888,0.4444444444444444,0.4074074074074074,0.037037037037037035,0.0,13.5,1.0,0.0,4,1,0.8
prompt_72,turn_03,P15,design,G5,16,FI,56.41,74.75,97.72,verbal,final,refinement,,대학교 일정이나 학사정보나 캠퍼스 맵 등 대학 생활의 모든 것이 담긴 AI가 탑재된 어플을 만들고 싶은데 그 화면 이미지를 만들어주세요,,,75,56,[프롬프트] 대학교 일정이나 학사정보나 캠퍼스 맵 등 대학 생활의 모든 것이 담긴 AI가 탑재된 어플을 만들고 싶은데 그 화면 이미지를 만들어주세요,9.002095,5.875808,36,1,10,4,0,7,14,8,34,0,0.9444444444444444,0.3888888888888889,0.2777777777777778,0.1111111111111111,0.0,36.0,1.0,0.0,3,4,0.42857142857142855
prompt_73,turn_01,P16,business,G5,17,FI,91.23,99.9,99.33,spatial,ideation,initial,,"co-design워크숍에서 다른 참여자들과 아이디어 콘셉트를 공유하고자 합니다. 이를 위해 아이디어를 시각화/구체화하려고 합니다. 제 아이디어는 아래와 같습니다. 아래의 내용을 1장의 이미지로 만들어주세요. ; 주요 아이디어: 학교 생활을 위주로 재구성된 대학생 라이프스타일 앱 디자인 목표: 학생들의 학교생활을 고려하여 활용할 수 있는 모바일 비서 앱 대상 사용자 및 사용 상황:  대학생, 대학원 생 등 학생들이 활용할 수 있습니다. 학교행정 관점에서 기능을 위주로 구성된 앱이 아니라, 학생들의 생활 관점에서 생활/상황을 위주로 앱을 재구성합니다. 문제가 발생하면 채팅을 통해 3초 내로 해결 방안을 찾을 수 있어야 합니다. 디자인 구성요소 1. 형태나 외형:  파란색 버튼에 하얀색 글자를 활용한 모바일 앱. 아주 간결하고, 채팅이나 음성만을 가지고 모든 기능을 활용할 수 있는 앱. 화면에 버튼 한 개 밖에 없는 앱.  2. 주요 특징 및 기능: 나의 대학생활/대학원생활을 위한 AI 비서(번거로운 모든 것을 다 해줘!) 3초 안에 모든 문제를 해결할 수 있는 간편한 앱. 3. 시각적 스타일: 매우 모던하고 세련된 느낌. 정돈된 타이포그래피/편집디자인을 활용한다. 구글과 같이 미니멀하고 핵심적인 기능만 표현된 앱. 홍익대학교의 브랜드 컬러(파랑)을 활용한 버튼. 버튼 내부에는 하얀색 글자를 활용.색 글자를 활용.",,,686,521,"[프롬프트] co-design워크숍에서 다른 참여자들과 아이디어 콘셉트를 공유하고자 합니다. 이를 위해 아이디어를 시각화/구체화하려고 합니다. 제 아이디어는 아래와 같습니다. 아래의 내용을 1장의 이미지로 만들어주세요. ; 주요 아이디어: 학교 생활을 위주로 재구성된 대학생 라이프스타일 앱 디자인 목표: 학생들의 학교생활을 고려하여 활용할 수 있는 모바일 비서 앱 대상 사용자 및 사용 상황:  대학생, 대학원 생 등 학생들이 활용할 수 있습니다. 학교행정 관점에서 기능을 위주로 구성된 앱이 아니라, 학생들의 생활 관점에서 생활/상황을 위주로 앱을 재구성합니다. 문제가 발생하면 채팅을 통해 3초 내로 해결 방안을 찾을 수 있어야 합니다. 디자인 구성요소 1. 형태나 외형:  파란색 버튼에 하얀색 글자를 활용한 모바일 앱. 아주 간결하고, 채팅이나 음성만을 가지고 모든 기능을 활용할 수 있는 앱. 화면에 버튼 한 개 밖에 없는 앱.  2. 주요 특징 및 기능: 나의 대학생활/대학원생활을 위한 AI 비서(번거로운 모든 것을 다 해줘!) 3초 안에 모든 문제를 해결할 수 있는 간편한 앱. 3. 시각적 스타일: 매우 모던하고 세련된 느낌. 정돈된 타이포그래피/편집디자인을 활용한다. 구글과 같이 미니멀하고 핵심적인 기능만 표현된 앱. 홍익대학교의 브랜드 컬러(파랑)을 활용한 버튼. 버튼 내부에는 하얀색 글자를 활용.색 글자를 활용.",8.77972,6.112458,346,21,125,15,3,38,149,63,152,0,0.4393063583815029,0.430635838150289,0.36127167630057805,0.04335260115606936,0.008670520231213872,16.476190476190474,0.3157894736842105,0.0,16,26,0.38095238095238093
prompt_74,turn_02,P16,business,G5,17,FI,91.23,99.9,99.33,spatial,ideation,refinement,,"co-design워크숍에서 다른 참여자들과 아이디어 콘셉트를 공유하고자 합니다. 이를 위해 아이디어를 시각화/구체화하려고 합니다. 제 아이디어는 아래와 같습니다. 아래의 내용을 1장의 이미지로 만들어주세요. 이미지에는 앱 화면 예시와 사용하고 있는 사람의 모습을 포함하여 4~6컷의 만화로 표현해주세요. ; 주요 아이디어: 학교 생활을 위주로 재구성된 대학생 라이프스타일 앱 디자인 목표: 학생들의 학교생활을 고려하여 활용할 수 있는 모바일 비서 앱 대상 사용자 및 사용 상황:  대학생, 대학원 생 등 학생들이 활용할 수 있습니다. 학교행정 관점에서 기능을 위주로 구성된 앱이 아니라, 학생들의 생활 관점에서 생활/상황을 위주로 앱을 재구성합니다. 문제가 발생하면 채팅을 통해 3초 내로 해결 방안을 찾을 수 있어야 합니다. 디자인 구성요소 1. 형태나 외형:  파란색 버튼에 하얀색 글자를 활용한 모바일 앱. 아주 간결하고, 채팅이나 음성만을 가지고 모든 기능을 활용할 수 있는 앱. 화면에 버튼 한 개 밖에 없는 앱.  2. 주요 특징 및 기능: 나의 대학생활/대학원생활을 위한 AI 비서(번거로운 모든 것을 다 해줘!) 3초 안에 모든 문제를 해결할 수 있는 간편한 앱. 3. 시각적 스타일: 매우 모던하고 세련된 느낌. 정돈된 타이포그래피/편집디자인을 활용한다. 구글과 같이 미니멀하고 핵심적인 기능만 표현된 앱. 홍익대학교의 브랜드 컬러(파랑)을 활용한 버튼. 버튼 내부에는 하얀색 글자를 활용.",,,731,556,"[프롬프트] co-design워크숍에서 다른 참여자들과 아이디어 콘셉트를 공유하고자 합니다. 이를 위해 아이디어를 시각화/구체화하려고 합니다. 제 아이디어는 아래와 같습니다. 아래의 내용을 1장의 이미지로 만들어주세요. 이미지에는 앱 화면 예시와 사용하고 있는 사람의 모습을 포함하여 4~6컷의 만화로 표현해주세요. ; 주요 아이디어: 학교 생활을 위주로 재구성된 대학생 라이프스타일 앱 디자인 목표: 학생들의 학교생활을 고려하여 활용할 수 있는 모바일 비서 앱 대상 사용자 및 사용 상황:  대학생, 대학원 생 등 학생들이 활용할 수 있습니다. 학교행정 관점에서 기능을 위주로 구성된 앱이 아니라, 학생들의 생활 관점에서 생활/상황을 위주로 앱을 재구성합니다. 문제가 발생하면 채팅을 통해 3초 내로 해결 방안을 찾을 수 있어야 합니다. 디자인 구성요소 1. 형태나 외형:  파란색 버튼에 하얀색 글자를 활용한 모바일 앱. 아주 간결하고, 채팅이나 음성만을 가지고 모든 기능을 활용할 수 있는 앱. 화면에 버튼 한 개 밖에 없는 앱.  2. 주요 특징 및 기능: 나의 대학생활/대학원생활을 위한 AI 비서(번거로운 모든 것을 다 해줘!) 3초 안에 모든 문제를 해결할 수 있는 간편한 앱. 3. 시각적 스타일: 매우 모던하고 세련된 느낌. 정돈된 타이포그래피/편집디자인을 활용한다. 구글과 같이 미니멀하고 핵심적인 기능만 표현된 앱. 홍익대학교의 브랜드 컬러(파랑)을 활용한 버튼. 버튼 내부에는 하얀색 글자를 활용.",8.6719055,5.9729185,373,21,132,15,3,41,156,69,161,0,0.4316353887399464,0.41823056300268097,0.353887399463807,0.040214477211796246,0.00804289544235925,17.761904761904763,0.2926829268292683,0.0,17,29,0.3695652173913043
prompt_75,turn_03,P16,business,G5,17,FI,91.23,99.9,99.33,spatial,final,refinement,,"co-design 워크숍에서 아이디어를 공유하려고 하는데, 아래 내용을 바탕으로 4컷 이미지로 시각화해주세요. 내 아이디어는 대학생 학교생활을 도와주는 AI 비서 앱이고, 학생들이 학교생활 중에 생기는 문제를 빠르게 해결할 수 있도록 하는 게 목표입니다. 앱은 최대한 단순하게 버튼 하나로 질문을 입력하면 되고, 채팅이나 음성으로 요청하면 3초 안에 해결 방법을 알려주는 구조입니다. 이걸 사용자가 실제로 사용하는 흐름이 보이게, 고민하는 상황 → 앱 사용 → 해결되는 과정이 자연스럽게 드러나는 4컷 만화로 만들어주세요. 스타일은 너무 복잡하지 않게, 미니멀하고 깔끔한 일러스트 느낌이면 좋겠고, 파란색 버튼 중심의 UI가 잘 보이게 표현해주세요.",,,363,281,"[프롬프트] co-design 워크숍에서 아이디어를 공유하려고 하는데, 아래 내용을 바탕으로 4컷 이미지로 시각화해주세요. 내 아이디어는 대학생 학교생활을 도와주는 AI 비서 앱이고, 학생들이 학교생활 중에 생기는 문제를 빠르게 해결할 수 있도록 하는 게 목표입니다. 앱은 최대한 단순하게 버튼 하나로 질문을 입력하면 되고, 채팅이나 음성으로 요청하면 3초 안에 해결 방법을 알려주는 구조입니다. 이걸 사용자가 실제로 사용하는 흐름이 보이게, 고민하는 상황 → 앱 사용 → 해결되는 과정이 자연스럽게 드러나는 4컷 만화로 만들어주세요. 스타일은 너무 복잡하지 않게, 미니멀하고 깔끔한 일러스트 느낌이면 좋겠고, 파란색 버튼 중심의 UI가 잘 보이게 표현해주세요.",8.581787,6.0359287,184,5,50,12,2,18,68,33,106,0,0.5760869565217391,0.3695652173913043,0.2717391304347826,0.06521739130434782,0.010869565217391304,36.8,0.4444444444444444,0.0,9,6,0.6
prompt_76,turn_04,P16,business,G5,17,FI,91.23,99.9,99.33,spatial,final,refinement,,"방금 작업해주신 4컷 만화를 발전시켜보려고 합니다. 아래의 내용을 참고해서 4컷 만화를 발전시켜주세요.  ;   최종 아이디어: 슈퍼 와우 AI 에이전트 - 추가설명: ""와우""는 홍익대학교의 캐릭터입니다. 하얀색의 귀여운 소 모양입니다. 대상 사용자: 대학생 / 대학원생 / 교수님 / 교직원 사용상황: 학교 생활하면서 공간을 찾을 때, 건의하고 싶을 때, 수강 신청할 때, 나의 학사 관리하고 싶을 때, 궁금한 것 찾고 싶을 때! 도움이 필요한 언제나! 디자인 구성 요소 1. 형태나 외형: 홍익대학교 캐릭터 ‘와우' 형태의 스마트 에이전트 캐릭터 , 모바일 앱, 미니멀하게 간소화된 초기화면, 실제로 서비스를 사용하면서 세부 기능들이 내 자신에게 맞춤화되어서, 화면 구성이 내가 자주 사용하는 방향으로 변경됨. 2. 주요 특징 및 기능:  스마트 에이전트와의 대화 인터페이스(기본 콘셉트) 하위기능 - 개인 맞춤형 학사 일정 안내 - 수강신청, 학사 관리 - 공간 기반 정보 안내 - 공간 커뮤니티 매핑 - 학생 건의사항",,,517,385,"[프롬프트] 방금 작업해주신 4컷 만화를 발전시켜보려고 합니다. 아래의 내용을 참고해서 4컷 만화를 발전시켜주세요.  ;   최종 아이디어: 슈퍼 와우 AI 에이전트 - 추가설명: ""와우""는 홍익대학교의 캐릭터입니다. 하얀색의 귀여운 소 모양입니다. 대상 사용자: 대학생 / 대학원생 / 교수님 / 교직원 사용상황: 학교 생활하면서 공간을 찾을 때, 건의하고 싶을 때, 수강 신청할 때, 나의 학사 관리하고 싶을 때, 궁금한 것 찾고 싶을 때! 도움이 필요한 언제나! 디자인 구성 요소 1. 형태나 외형: 홍익대학교 캐릭터 ‘와우' 형태의 스마트 에이전트 캐릭터 , 모바일 앱, 미니멀하게 간소화된 초기화면, 실제로 서비스를 사용하면서 세부 기능들이 내 자신에게 맞춤화되어서, 화면 구성이 내가 자주 사용하는 방향으로 변경됨. 2. 주요 특징 및 기능:  스마트 에이전트와의 대화 인터페이스(기본 콘셉트) 하위기능 - 개인 맞춤형 학사 일정 안내 - 수강신청, 학사 관리 - 공간 기반 정보 안내 - 공간 커뮤니티 매핑 - 학생 건의사항",9.001786,5.6496615,244,10,109,7,1,16,122,34,135,0,0.5532786885245902,0.5,0.44672131147540983,0.028688524590163935,0.004098360655737705,24.4,0.375,0.0,12,16,0.42857142857142855
prompt_77,turn_01,P17,business,G5,17,FI,89.29,80.61,99.33,verbal,ideation,initial,,"학사정보시스템 화면에 시간표 만들기 기능을 추가하고 싶은데, 예를 들어 7과목이 있으면 과목마다 우선순위를 매길 수 있게 하고, 그 시간표에 과목이랑 수업시간이랑 교실위치를 포함해주세요. ",,,105,82,"[프롬프트] 학사정보시스템 화면에 시간표 만들기 기능을 추가하고 싶은데, 예를 들어 7과목이 있으면 과목마다 우선순위를 매길 수 있게 하고, 그 시간표에 과목이랑 수업시간이랑 교실위치를 포함해주세요. ",8.53591,5.2657247,54,1,19,5,0,8,25,10,41,0,0.7592592592592593,0.46296296296296297,0.35185185185185186,0.09259259259259259,0.0,54.0,0.625,0.0,2,3,0.4
prompt_78,turn_02,P17,business,G5,17,FI,89.29,80.61,99.33,verbal,ideation,refinement,,실제 대학교의 학사정보시스템 화면을 반영해서 위의 시간표 이미지를 포함해줘,,,41,33,[프롬프트] 실제 대학교의 학사정보시스템 화면을 반영해서 위의 시간표 이미지를 포함해줘,8.448146,5.1557264,20,1,11,0,0,3,11,5,18,0,0.9,0.55,0.55,0.0,0.0,20.0,1.0,0.0,1,3,0.25
prompt_79,turn_03,P17,business,G5,17,FI,89.29,80.61,99.33,verbal,final,refinement,,"학생의 학사 관리를 도와주는 대화형 AI 에이전트의 서비스 화면을 그려줘.
아래 첨부한 홍익대학교의 마스코트 '와우'가 대화형 캐릭털 나타나고 있고, 사용자가 나 시간표 어떻게 짜지? 물어보면 사용자 정보에 맞춰 시간표를 작성해 주고 있는 화면이야.",reference,P17_turn_03.png,139,108,"[프롬프트] 학생의 학사 관리를 도와주는 대화형 AI 에이전트의 서비스 화면을 그려줘.
아래 첨부한 홍익대학교의 마스코트 '와우'가 대화형 캐릭털 나타나고 있고, 사용자가 나 시간표 어떻게 짜지? 물어보면 사용자 정보에 맞춰 시간표를 작성해 주고 있는 화면이야.",8.86118,5.32309,72,3,24,8,1,7,33,10,51,0,0.7083333333333334,0.4583333333333333,0.3333333333333333,0.1111111111111111,0.013888888888888888,24.0,0.5714285714285714,0.0,3,4,0.42857142857142855
prompt_80,turn_01,P18,design,G6,14,FD,99.59,99.73,95.04,spatial,ideation,initial,,"주제: 미래 스마트 캠퍼스를 위한 불친절한 캠퍼스 맵 및 표지판 개선, 추가 설치(헤이영과 같은 플랫폼에 협업하여 캠퍼스 지도 제작 및 배포하는 방법도 있음), 
목표: 학우들의 편의 증대 및 삶의 질 개선, 퍼스 지리가 익숙하지 않은 학우, 통학 시간을 단축하고 싶은 
대상: 학우, 통학 및 캠퍼스 내 이동 시 효율성을 원하는 학우 
이 세개를 충족하는 실물 사진 이미지를 만들어줘",,,215,158,"[프롬프트] 주제: 미래 스마트 캠퍼스를 위한 불친절한 캠퍼스 맵 및 표지판 개선, 추가 설치(헤이영과 같은 플랫폼에 협업하여 캠퍼스 지도 제작 및 배포하는 방법도 있음), 
목표: 학우들의 편의 증대 및 삶의 질 개선, 퍼스 지리가 익숙하지 않은 학우, 통학 시간을 단축하고 싶은 
대상: 학우, 통학 및 캠퍼스 내 이동 시 효율성을 원하는 학우 
이 세개를 충족하는 실물 사진 이미지를 만들어줘",9.341201,6.4740734,102,1,46,4,1,9,54,16,70,0,0.6862745098039216,0.5294117647058824,0.45098039215686275,0.0392156862745098,0.00980392156862745,102.0,0.5555555555555556,0.0,8,5,0.6153846153846154
prompt_81,turn_02,P18,design,G6,14,FD,99.59,99.73,95.04,spatial,ideation,refinement,,인터렉션이 됐음 좋겠어,,,12,10,[프롬프트] 인터렉션이 됐음 좋겠어,5.1307583,4.771674,8,1,0,1,1,1,2,2,8,0,1.0,0.25,0.0,0.125,0.125,8.0,1.0,0.0,0,0,
prompt_82,turn_03,P18,design,G6,14,FD,99.59,99.73,95.04,spatial,final,refinement,,"터치스크린 형태의 캠퍼스 맵(터치캠퍼스) 이미지를 만들어줘
대상: 홍익대를 방문한 누구나 
상황: 캠퍼스 건물의 정보를 인지할 수 있도록 건물 곳곳에 터치 스크린형 캠퍼스맵을 배치한다.",,,103,82,"[프롬프트] 터치스크린 형태의 캠퍼스 맵(터치캠퍼스) 이미지를 만들어줘
대상: 홍익대를 방문한 누구나 
상황: 캠퍼스 건물의 정보를 인지할 수 있도록 건물 곳곳에 터치 스크린형 캠퍼스맵을 배치한다.",9.213746,7.5433645,51,1,22,3,1,6,26,9,39,0,0.7647058823529411,0.5098039215686274,0.43137254901960786,0.058823529411764705,0.0196078431372549,51.0,0.5,0.0,8,6,0.5714285714285714
prompt_83,turn_01,P19,design,G6,15,FD,100.0,85.56,97.72,object,ideation,initial,,"이건 대한민국서울시 마포구에 위치한 홍익대학교 맵이야. 숫자옆에 건물이름 써주고 홍익대학교가 사용하는 키디자인  과의 통일감을 유지해줘. 캠퍼스에 처음 들어오는 신입생, 방문객, 배달원 등이 보기 편리하게 만들어야해. 건물 구조는 사실적이지만 평면적인 형태로 만들어줘. 시각적 흐름에 맞추어 시선이 분산을 줄일 수 있도록 구성, 자세한 화살표도 사용해. 눈에 잘 띄일 수 있도록 하는 사인물이어야해.  전반적으로 홍익대학교의 블루컬러가 잘 돋보이도록하고, 심플하되 트렌디한 느낌의 스타일이어야해",,,276,216,"[프롬프트] 이건 대한민국서울시 마포구에 위치한 홍익대학교 맵이야. 숫자옆에 건물이름 써주고 홍익대학교가 사용하는 키디자인  과의 통일감을 유지해줘. 캠퍼스에 처음 들어오는 신입생, 방문객, 배달원 등이 보기 편리하게 만들어야해. 건물 구조는 사실적이지만 평면적인 형태로 만들어줘. 시각적 흐름에 맞추어 시선이 분산을 줄일 수 있도록 구성, 자세한 화살표도 사용해. 눈에 잘 띄일 수 있도록 하는 사인물이어야해.  전반적으로 홍익대학교의 블루컬러가 잘 돋보이도록하고, 심플하되 트렌디한 느낌의 스타일이어야해",9.535974,7.3289466,150,7,51,17,0,10,70,18,85,0,0.5666666666666667,0.4666666666666667,0.34,0.11333333333333333,0.0,21.428571428571427,0.6,0.0,9,4,0.6923076923076923
prompt_84,turn_02,P19,design,G6,15,FD,100.0,85.56,97.72,object,ideation,refinement,,지금은 조금 형식적이라 미래적인 느낌이 많이 났으면 좋겠어 2050년도에 사용할 수 있을만한 디자인으로 개선해줘,,,62,49,[프롬프트] 지금은 조금 형식적이라 미래적인 느낌이 많이 났으면 좋겠어 2050년도에 사용할 수 있을만한 디자인으로 개선해줘,3.5784328,6.121308,37,1,8,2,1,2,12,5,31,0,0.8378378378378378,0.32432432432432434,0.21621621621621623,0.05405405405405406,0.02702702702702703,37.0,1.0,0.0,2,1,0.6666666666666666
prompt_85,turn_03,P19,design,G6,15,FD,100.0,85.56,97.72,object,ideation,refinement,,목업으로 만들어줘,,,9,8,[프롬프트] 목업으로 만들어줘,4.706712,4.864186,7,1,2,1,0,0,3,0,6,0,0.8571428571428571,0.42857142857142855,0.2857142857142857,0.14285714285714285,0.0,7.0,,0.0,0,1,0.0
prompt_86,turn_01,P20,business,G6,18,FI,97.04,36.37,99.93,verbal,ideation,initial,,"캠퍼스 안에 존재하는 건물을 그려줘. 건물 출입이 가능한 입구마다 건물 동의 이름이 한글로, 알아보기 쉽게 쓰여져 있어. 그리고 건물 앞에는 또 다른 건물에 대한 이정표가 건물명과 거리 정도의 단순한 정보들만 명시되어 누구나 알아보기 쉽게 되어있어.",,,139,105,"[프롬프트] 캠퍼스 안에 존재하는 건물을 그려줘. 건물 출입이 가능한 입구마다 건물 동의 이름이 한글로, 알아보기 쉽게 쓰여져 있어. 그리고 건물 앞에는 또 다른 건물에 대한 이정표가 건물명과 거리 정도의 단순한 정보들만 명시되어 누구나 알아보기 쉽게 되어있어.",9.358122,7.7244053,78,3,23,6,2,9,33,16,49,0,0.6282051282051282,0.4230769230769231,0.2948717948717949,0.07692307692307693,0.02564102564102564,26.0,0.7777777777777778,0.0,9,0,1.0
prompt_87,turn_02,P20,business,G6,18,FI,97.04,36.37,99.93,verbal,ideation,refinement,,홍익대학교 캠퍼스의 모습이었음녀 좋겠어. 긴 돌바닥이 있고 그 옆에 건물들이 있는데 건물 외관에는 건물의 이름이 쓰여져 있고 건물 출입이 간으한 입구에는 건물의 이름이 표시되었다 사라지는 전광판 같은게 있었으면 좋겠어.,,,122,94,[프롬프트] 홍익대학교 캠퍼스의 모습이었음녀 좋겠어. 긴 돌바닥이 있고 그 옆에 건물들이 있는데 건물 외관에는 건물의 이름이 쓰여져 있고 건물 출입이 간으한 입구에는 건물의 이름이 표시되었다 사라지는 전광판 같은게 있었으면 좋겠어.,9.590853,7.7265987,74,2,20,8,3,11,31,14,43,0,0.581081081081081,0.4189189189189189,0.2702702702702703,0.10810810810810811,0.04054054054054054,37.0,0.2727272727272727,0.0,8,0,1.0
prompt_88,turn_03,P20,business,G6,18,FI,97.04,36.37,99.93,verbal,ideation,refinement,,건물 자체가 너무 오래되어 보여. 지금 홍익 유니버시티가 쓰여진 곳에 인문관이라고 쓰여있었으면 좋겠고 건물도 조금 더 미래지향적 디자인이었으면 좋겠어.,,,84,66,[프롬프트] 건물 자체가 너무 오래되어 보여. 지금 홍익 유니버시티가 쓰여진 곳에 인문관이라고 쓰여있었으면 좋겠고 건물도 조금 더 미래지향적 디자인이었으면 좋겠어.,9.784314,7.869244,46,2,11,4,2,3,20,4,33,0,0.717391304347826,0.43478260869565216,0.2391304347826087,0.08695652173913043,0.043478260869565216,23.0,0.6666666666666666,0.0,2,1,0.6666666666666666
prompt_89,turn_04,P20,business,G6,18,FI,97.04,36.37,99.93,verbal,ideation,refinement,,조금 더 건물이 높았으면 좋겠어. 캠퍼스 풍경도 잘 보였으면 해.,,,36,27,[프롬프트] 조금 더 건물이 높았으면 좋겠어. 캠퍼스 풍경도 잘 보였으면 해.,9.7191515,7.859728,21,2,3,2,2,2,10,2,18,0,0.8571428571428571,0.47619047619047616,0.14285714285714285,0.09523809523809523,0.09523809523809523,10.5,1.0,0.0,2,0,1.0
prompt_90,turn_05,P20,business,G6,18,FI,97.04,36.37,99.93,verbal,final,refinement,,터치스크린 형태의 캠퍼스 맵을 만들어야 해. 컴퍼스 입구에는 백화점 층별안내 같은 터치스크린이 위치해 있고 각 강의동 건물이나 오가는 길목에는 전광판 같이 생긴 벽면 터치스크린이 위치해 있어. ,,,108,82,[프롬프트] 터치스크린 형태의 캠퍼스 맵을 만들어야 해. 컴퍼스 입구에는 백화점 층별안내 같은 터치스크린이 위치해 있고 각 강의동 건물이나 오가는 길목에는 전광판 같이 생긴 벽면 터치스크린이 위치해 있어. ,8.911821,7.9548154,51,2,18,4,2,6,25,9,37,0,0.7254901960784313,0.49019607843137253,0.35294117647058826,0.0784313725490196,0.0392156862745098,25.5,0.6666666666666666,0.0,3,5,0.375
prompt_91,turn_06,P20,business,G6,18,FI,97.04,36.37,99.93,verbal,final,refinement,,조금 더 미래지향적으로 멋지게 부탁해. 가상 스크린일 수도 있고 조금 더 전자적 느낌이 잘 보였으면 좋겠어.,,,60,45,[프롬프트] 조금 더 미래지향적으로 멋지게 부탁해. 가상 스크린일 수도 있고 조금 더 전자적 느낌이 잘 보였으면 좋겠어.,3.953277,6.429304,32,2,9,2,2,1,18,4,27,0,0.84375,0.5625,0.28125,0.0625,0.0625,16.0,1.0,0.0,0,1,0.0
prompt_92,turn_07,P20,business,G6,18,FI,97.04,36.37,99.93,verbal,final,refinement,,사람 손만 사람처럼 해줘,,,13,10,[프롬프트] 사람 손만 사람처럼 해줘,4.746679,4.6032305,9,1,3,1,0,1,4,1,7,0,0.7777777777777778,0.4444444444444444,0.3333333333333333,0.1111111111111111,0.0,9.0,1.0,0.0,0,0,
prompt_93,turn_01,P21,business,G6,12,FD,98.2,60.16,99.89,verbal,ideation,initial,,"지금 나는 홍익대학교의 캠퍼스 맵을 학교를 찾아온 누구나 보기 쉽고 간결하게 표현하려고 해. 새로 디자인하려고 하는 캠퍼스 맵은 특히 각 건물별 연결 통로를 파악하기 쉽도록 그 경로를 눈에 띄게 표현하고 싶어.

예를 들어 와우관 4층은 도서관 1층과 연결되고 도서관은 또 정보통신센터와 연결돼. 그렇기 때문에 각 건물별 이동 통로를 건물에 처음 방문한 사람도 파악할 수 있도록 이동경로를 표시하고 싶어. 건물의 특징을 반영하지만 입체가 아닌 심플한 선과 평면으로 표현한 맵이었음녀 좋겠어.

위와 같은 특징을 반영해서 실제 캠퍼스 맵 지도를 디자인해서 이미지로 구현해줘!",,,320,243,"[프롬프트] 지금 나는 홍익대학교의 캠퍼스 맵을 학교를 찾아온 누구나 보기 쉽고 간결하게 표현하려고 해. 새로 디자인하려고 하는 캠퍼스 맵은 특히 각 건물별 연결 통로를 파악하기 쉽도록 그 경로를 눈에 띄게 표현하고 싶어.

예를 들어 와우관 4층은 도서관 1층과 연결되고 도서관은 또 정보통신센터와 연결돼. 그렇기 때문에 각 건물별 이동 통로를 건물에 처음 방문한 사람도 파악할 수 있도록 이동경로를 표시하고 싶어. 건물의 특징을 반영하지만 입체가 아닌 심플한 선과 평면으로 표현한 맵이었음녀 좋겠어.

위와 같은 특징을 반영해서 실제 캠퍼스 맵 지도를 디자인해서 이미지로 구현해줘!",9.397949,6.9955516,177,6,52,13,6,17,75,39,95,0,0.536723163841808,0.423728813559322,0.2937853107344633,0.07344632768361582,0.03389830508474576,29.5,0.5294117647058824,0.0,14,8,0.6363636363636364
prompt_94,turn_02,P21,business,G6,12,FD,98.2,60.16,99.89,verbal,final,refinement,,위에서 만든 홍익대학교 캠퍼스 맵을 실제 캠퍼스 안내 사인 목업처럼 보이게 구현해줘!,,,47,36,[프롬프트] 위에서 만든 홍익대학교 캠퍼스 맵을 실제 캠퍼스 안내 사인 목업처럼 보이게 구현해줘!,9.496541,7.4264636,24,1,11,2,1,0,14,1,22,0,0.9166666666666666,0.5833333333333334,0.4583333333333333,0.08333333333333333,0.041666666666666664,24.0,,0.0,3,3,0.5
prompt_95,turn_01,P22,design,G7,12,FD,87.06,60.16,97.09,verbal,ideation,initial,,"참고이미지를 참고해서 연필 스케치로 내가 말한 아이디어를 이미지로 표현해줘. 다음은 내 아이디어야. : 

자동차 색깔 유도선 처럼 직선의 형태와 홍익대학교 대표 색상인 남색계열의 컬러를 사용하여 건물을 이용하는 사람의 동선과 엘레베이터를 기다리는 사람의 동선이 겹치지 않도록 바닥에 유도선을 표현한다. 눈에 띄는 스타일이지만, 그렇다고 건물의 미관은 해치지 않을 정도의 크기의 직선 라인으로 깔끔하게 표현한다. 그럼으로써 엘레베이터를 기다리는 사람과 건물을 사용하는 사람의 이동이 겹치지 않는다.",reference,P22_turn_01.png,278,217,"[프롬프트] 참고이미지를 참고해서 연필 스케치로 내가 말한 아이디어를 이미지로 표현해줘. 다음은 내 아이디어야. : 

자동차 색깔 유도선 처럼 직선의 형태와 홍익대학교 대표 색상인 남색계열의 컬러를 사용하여 건물을 이용하는 사람의 동선과 엘레베이터를 기다리는 사람의 동선이 겹치지 않도록 바닥에 유도선을 표현한다. 눈에 띄는 스타일이지만, 그렇다고 건물의 미관은 해치지 않을 정도의 크기의 직선 라인으로 깔끔하게 표현한다. 그럼으로써 엘레베이터를 기다리는 사람과 건물을 사용하는 사람의 이동이 겹치지 않는다.",6.6311426,7.603943,143,5,53,10,1,22,64,30,84,0,0.5874125874125874,0.44755244755244755,0.3706293706293706,0.06993006993006994,0.006993006993006993,28.6,0.3181818181818182,0.0,10,4,0.7142857142857143
prompt_96,turn_02,P22,design,G7,12,FD,87.06,60.16,97.09,verbal,final,refinement,,"이 이미지를 참고해서 새로운 연필 스케치를 그려줘
내용은 아래와 같아

상황: 엘리베이터 이용시 혼잡도를 완화하기 위해 대기 구분선을 만들고, 엘리베이터 이용객 출구를 표시한다.
디자인 구성 요소: 직선의 형태로 조명의 형태로 간격을 두어 유도선을 배치한다. 미래캠퍼스와 어울리는 형태로 밝은 조명, 낮에는 학교의 대표색인 남색으로 밝혀질 수 있도록 하며, 엘레베이터 좌측은 내리는 화살표 방향과 우측에는 타는 화살표 방향을 표현한다.
주요 특징 및 기능:
엘레베이터 이용객 동선 최적화 (좌, 우 고려)
교내 대표 컬러로 공간 분위기 통일",reference,P22_turn_02.png,302,235,"[프롬프트] 이 이미지를 참고해서 새로운 연필 스케치를 그려줘
내용은 아래와 같아

상황: 엘리베이터 이용시 혼잡도를 완화하기 위해 대기 구분선을 만들고, 엘리베이터 이용객 출구를 표시한다.
디자인 구성 요소: 직선의 형태로 조명의 형태로 간격을 두어 유도선을 배치한다. 미래캠퍼스와 어울리는 형태로 밝은 조명, 낮에는 학교의 대표색인 남색으로 밝혀질 수 있도록 하며, 엘레베이터 좌측은 내리는 화살표 방향과 우측에는 타는 화살표 방향을 표현한다.
주요 특징 및 기능:
엘레베이터 이용객 동선 최적화 (좌, 우 고려)
교내 대표 컬러로 공간 분위기 통일",6.3914633,7.6973786,152,4,67,15,2,17,85,22,101,0,0.6644736842105263,0.5592105263157895,0.4407894736842105,0.09868421052631579,0.013157894736842105,38.0,0.4117647058823529,0.0,16,7,0.6956521739130435
prompt_97,turn_01,P23,design,G7,18,FI,99.78,48.19,97.09,object,ideation,initial,,"교내 엘레베이터 대기 시 이용객들이 동선을 가로질러서 막는 문제로 인해 로비에서 이동 동선에 대한 문제가 있어.  이를 해결하기 위해 스마트 캠퍼스와 어울릴 수 있도록 미래식 대기 라인을 제작할 예정이야. 이를 위해 아이디어를 시각화하기 위해 너의 도움이 필요해.   주요 아이디어: 바닥에 표시 추가 (LED 화면)  디자인 목표: 이동 동선 최적화와 안내 편의성을 위해 누구나 시각적으로 알아볼 수 있는 디자인 접목 대상  사용자: 교내 엘레베이터를 사용하고자 하는 사람 (방문객, 학생, 교수, 직원 등)  디자인 구성 요소: 광역버스 대기선, 횡단보도 신호 바뀔 때 바닥 LED 색 변경 등을 접목하여  엘레베이터가 도착했음을 알리거나 바닥에 표시선(LED 패널)으로 대기 줄 서기 유도   아이디어 발상을 위한 스케치가 필요해. 엘레베이터는 3대로 그려줬으면 좋겠고, 스케치는 연필로 흑백으로 부탁해",,,452,340,"[프롬프트] 교내 엘레베이터 대기 시 이용객들이 동선을 가로질러서 막는 문제로 인해 로비에서 이동 동선에 대한 문제가 있어.  이를 해결하기 위해 스마트 캠퍼스와 어울릴 수 있도록 미래식 대기 라인을 제작할 예정이야. 이를 위해 아이디어를 시각화하기 위해 너의 도움이 필요해.   주요 아이디어: 바닥에 표시 추가 (LED 화면)  디자인 목표: 이동 동선 최적화와 안내 편의성을 위해 누구나 시각적으로 알아볼 수 있는 디자인 접목 대상  사용자: 교내 엘레베이터를 사용하고자 하는 사람 (방문객, 학생, 교수, 직원 등)  디자인 구성 요소: 광역버스 대기선, 횡단보도 신호 바뀔 때 바닥 LED 색 변경 등을 접목하여  엘레베이터가 도착했음을 알리거나 바닥에 표시선(LED 패널)으로 대기 줄 서기 유도   아이디어 발상을 위한 스케치가 필요해. 엘레베이터는 3대로 그려줬으면 좋겠고, 스케치는 연필로 흑백으로 부탁해",6.4439235,7.871455,226,5,90,20,1,19,111,32,123,0,0.5442477876106194,0.4911504424778761,0.39823008849557523,0.08849557522123894,0.004424778761061947,45.2,0.3684210526315789,0.0,18,7,0.72
prompt_98,turn_02,P23,design,G7,18,FI,99.78,48.19,97.09,object,ideation,refinement,,"대기하는 공간은 엘레베이터 모두에게 있어야하고, 대기 줄을 길게 표시했으면 좋겠어. 사람들이 2~3명 정도 서있는 것도 표현해줘. 연필스케치는 계속 유지해줘",,,87,69,"[프롬프트] 대기하는 공간은 엘레베이터 모두에게 있어야하고, 대기 줄을 길게 표시했으면 좋겠어. 사람들이 2~3명 정도 서있는 것도 표현해줘. 연필스케치는 계속 유지해줘",6.160668,7.973114,58,3,17,3,2,5,22,10,43,0,0.7413793103448276,0.3793103448275862,0.29310344827586204,0.05172413793103448,0.034482758620689655,19.333333333333332,1.0,0.0,3,1,0.75
prompt_99,turn_03,P23,design,G7,18,FI,99.78,48.19,97.09,object,final,refinement,,"엘레베이터 별로 각각 표시선이 길게 있었으면 좋겠어. 꼭 문구가 필요하지 않고, 그냥 led 패널로 보여지기만 하면 돼. 사람인 각 라인에 한줄서기가 되어있어야하고, 가급적 엘레베이터에서 수직으로 대기 선이 있는 것이 아닌, 엘레베이터 옆까지 이어질 수 있도록 했으면 좋겠어. 엘레베이터의 우측이 타는 선으로 보여지면 좋을 것 같아. 좌측은 탄 사람이 내리는 방향으로",,,205,156,"[프롬프트] 엘레베이터 별로 각각 표시선이 길게 있었으면 좋겠어. 꼭 문구가 필요하지 않고, 그냥 led 패널로 보여지기만 하면 돼. 사람인 각 라인에 한줄서기가 되어있어야하고, 가급적 엘레베이터에서 수직으로 대기 선이 있는 것이 아닌, 엘레베이터 옆까지 이어질 수 있도록 했으면 좋겠어. 엘레베이터의 우측이 타는 선으로 보여지면 좋을 것 같아. 좌측은 탄 사람이 내리는 방향으로",6.188202,7.9266853,123,5,33,15,5,11,56,12,71,0,0.5772357723577236,0.45528455284552843,0.2682926829268293,0.12195121951219512,0.04065040650406504,24.6,0.5454545454545454,0.0,1,1,0.5
prompt_100,turn_04,P23,design,G7,18,FI,99.78,48.19,97.09,object,final,refinement,,각 엘레베이터에서 라인이 나오는 걸로 변경해줘 라인은 엘레베이터 당 1개로 총 3개만 그려지면 돼. 라인 3개 중 한개는 색이 바뀌었다는 의미로 가장 왼쪽 엘레베이터가 열리면서 라인이 검은색으로 보여질 수 있도록 해줘. 사람들은 라인에 정렬을 맞춰서 서있어야해,,,145,110,[프롬프트] 각 엘레베이터에서 라인이 나오는 걸로 변경해줘 라인은 엘레베이터 당 1개로 총 3개만 그려지면 돼. 라인 3개 중 한개는 색이 바뀌었다는 의미로 가장 왼쪽 엘레베이터가 열리면서 라인이 검은색으로 보여질 수 있도록 해줘. 사람들은 라인에 정렬을 맞춰서 서있어야해,5.9655175,7.750819,91,3,26,12,0,9,39,11,57,0,0.6263736263736264,0.42857142857142855,0.2857142857142857,0.13186813186813187,0.0,30.333333333333332,0.6666666666666666,0.0,0,0,
prompt_101,turn_01,P24,business,G7,10,FD,97.04,91.37,93.87,object,ideation,initial,,"캠퍼스 건물에서 엘리베이터 사용을 줄이고 계단 이용을 유도하는 공공 디자인 캠페인 아이디어를 이미지로 구체화해줘. 
엘리베이터 대기 혼잡을 줄이기 위해 사람들이 자연스럽게 계단을 선택하도록 만드는 게 목적이야. 이때 계단 이용이 더 쉽고 긍정적으로 느껴지도록 유도하고 싶어.",,,153,119,"[프롬프트] 캠퍼스 건물에서 엘리베이터 사용을 줄이고 계단 이용을 유도하는 공공 디자인 캠페인 아이디어를 이미지로 구체화해줘. 
엘리베이터 대기 혼잡을 줄이기 위해 사람들이 자연스럽게 계단을 선택하도록 만드는 게 목적이야. 이때 계단 이용이 더 쉽고 긍정적으로 느껴지도록 유도하고 싶어.",6.713116,7.8828416,71,3,26,5,1,8,33,15,47,0,0.6619718309859155,0.4647887323943662,0.36619718309859156,0.07042253521126761,0.014084507042253521,23.666666666666668,0.375,0.0,12,3,0.8
prompt_102,turn_02,P24,business,G7,10,FD,97.04,91.37,93.87,object,final,refinement,,"기존 스케치에서는 건물 내부 엘리베이터 앞에서 바닥에 빛나는 선을 통해 이동 동선과 대기 위치를 구분하는 컨셉이었는데,
이 아이디어를 실제 환경 디자인처럼 구현된 장면으로 보고 싶어. 고퀄리티 이미지로 제작해줘. ",,,119,92,"[프롬프트] 기존 스케치에서는 건물 내부 엘리베이터 앞에서 바닥에 빛나는 선을 통해 이동 동선과 대기 위치를 구분하는 컨셉이었는데,
이 아이디어를 실제 환경 디자인처럼 구현된 장면으로 보고 싶어. 고퀄리티 이미지로 제작해줘. ",6.0006766,7.3907905,58,2,23,3,0,4,26,7,47,0,0.8103448275862069,0.4482758620689655,0.39655172413793105,0.05172413793103448,0.0,29.0,0.75,0.0,7,3,0.7
prompt_103,turn_01,P25,business,G7,16,FI,24.4,87.83,97.09,verbal,ideation,initial,,"건물 내 엘리베이터 위치를 이동 동선과 겹치지 않게 배치해서 별도의 ‘엘리베이터 존’을 만드는 아이디어를 이미지로 표현해줘. 기존에는 사람들이 이동하는 통로랑 엘리베이터 대기 줄이 섞이면서 혼잡이 생기는데, 이걸 공간 구조로 해결하려는 컨셉이야. 사용 상황은 학교 건물이나 공공 건물에서 많은 사람들이 이동하고, 엘리베이터를 기다리는 상황이야. 이때 대기 공간이 동선과 분리되어서 더 효율적으로 이용될 수 있도록 하고 싶어. 이미지에는 넓은 실내 로비 공간이 보이고 한쪽에는 “ELEVATOR ZONE”처럼 구분된 엘리베이터 공간이 있으며 사람들이 줄을 서서 기다리고 있는 모습 다른 쪽에는 이동하는 사람들이 자유롭게 지나가는 동선이 보이게 두 흐름이 겹치지 않는 구조로 표현해줘 전체적으로 공간 구조가 직관적으로 이해되도록 단순하고 정돈된 구성이었으면 좋겠어. 스타일은 연필로 스케치한 흑백 드로잉 느낌으로, 건축 아이디어 스케치처럼 부드러운 음영과 깔끔한 선으로 표현해줘.",,,490,380,"[프롬프트] 건물 내 엘리베이터 위치를 이동 동선과 겹치지 않게 배치해서 별도의 ‘엘리베이터 존’을 만드는 아이디어를 이미지로 표현해줘. 기존에는 사람들이 이동하는 통로랑 엘리베이터 대기 줄이 섞이면서 혼잡이 생기는데, 이걸 공간 구조로 해결하려는 컨셉이야. 사용 상황은 학교 건물이나 공공 건물에서 많은 사람들이 이동하고, 엘리베이터를 기다리는 상황이야. 이때 대기 공간이 동선과 분리되어서 더 효율적으로 이용될 수 있도록 하고 싶어. 이미지에는 넓은 실내 로비 공간이 보이고 한쪽에는 “ELEVATOR ZONE”처럼 구분된 엘리베이터 공간이 있으며 사람들이 줄을 서서 기다리고 있는 모습 다른 쪽에는 이동하는 사람들이 자유롭게 지나가는 동선이 보이게 두 흐름이 겹치지 않는 구조로 표현해줘 전체적으로 공간 구조가 직관적으로 이해되도록 단순하고 정돈된 구성이었으면 좋겠어. 스타일은 연필로 스케치한 흑백 드로잉 느낌으로, 건축 아이디어 스케치처럼 부드러운 음영과 깔끔한 선으로 표현해줘.",6.380537,7.5663395,243,6,79,14,4,27,98,48,119,0,0.4897119341563786,0.40329218106995884,0.32510288065843623,0.05761316872427984,0.01646090534979424,40.5,0.37037037037037035,0.0,30,4,0.8823529411764706
prompt_104,turn_02,P25,business,G7,16,FI,24.4,87.83,97.09,verbal,final,refinement,,"건물 내 엘리베이터 이용 시 혼잡을 줄이기 위해 바닥에 시각적인 길 안내를 제공하는 시스템을 표현하려고 해. 
사람들이 이동하는 동선과 엘리베이터 대기 동선을 분리해서, 자연스럽게 줄을 서고 이동할 수 있도록 유도하는 컨셉이야.
사용 상황은 사람들이 많은 건물 내부에서 엘리베이터를 이용하려고 할 때이고, 바닥에 빛나는 라인이나 표시가 있어서 어디로 이동하고 어디에 서야 하는지 직관적으로 알 수 있는 구조야.
이미지에는 엘리베이터 문 앞에는 대기 위치를 나타내는 표시, 바닥에는 파란색 빛이 나는 선이 있어서 이동 경로를 안내하고, 한 사람은 그 경로를 따라 이동하고 있는 모습
엘리베이터 방향을 나타내는 화살표나 시각적 표시가 함께 보이도록 전체적으로 복잡하지 않고, 한 장면 안에서 동선과 대기 흐름이 명확하게 구분되도록 표현해줘. 
스타일은 연필로 스케치한 흑백 드로잉 느낌을 기본으로 하고, 길 안내 요소(라인, 화살표)만 파란색으로 강조해서 표현해줘.",,,482,370,"[프롬프트] 건물 내 엘리베이터 이용 시 혼잡을 줄이기 위해 바닥에 시각적인 길 안내를 제공하는 시스템을 표현하려고 해. 
사람들이 이동하는 동선과 엘리베이터 대기 동선을 분리해서, 자연스럽게 줄을 서고 이동할 수 있도록 유도하는 컨셉이야.
사용 상황은 사람들이 많은 건물 내부에서 엘리베이터를 이용하려고 할 때이고, 바닥에 빛나는 라인이나 표시가 있어서 어디로 이동하고 어디에 서야 하는지 직관적으로 알 수 있는 구조야.
이미지에는 엘리베이터 문 앞에는 대기 위치를 나타내는 표시, 바닥에는 파란색 빛이 나는 선이 있어서 이동 경로를 안내하고, 한 사람은 그 경로를 따라 이동하고 있는 모습
엘리베이터 방향을 나타내는 화살표나 시각적 표시가 함께 보이도록 전체적으로 복잡하지 않고, 한 장면 안에서 동선과 대기 흐름이 명확하게 구분되도록 표현해줘. 
스타일은 연필로 스케치한 흑백 드로잉 느낌을 기본으로 하고, 길 안내 요소(라인, 화살표)만 파란색으로 강조해서 표현해줘.",6.0318794,7.6747093,244,5,83,21,1,27,106,47,111,0,0.45491803278688525,0.4344262295081967,0.3401639344262295,0.0860655737704918,0.004098360655737705,48.8,0.3333333333333333,0.0,24,3,0.8888888888888888
prompt_105,turn_01,P26,design,G8,17,FI,99.99,19.81,90.29,object,ideation,initial,,미래의 캠퍼스에서 가고싶은 건물이나 강의실을 찾을 때 이 서비스를 이용하면 가야할 방향이 바닥에 표시된다. 아직 학교가 익숙하지 않은 신입생과 안가본 건물을 가려는 사람이 타겟이며 첨단적이고 가상현실적인 느낌이 났음녀 한다. 이를 연피롤 그린 스케치 이미지로 나타내줘,,,149,115,[프롬프트] 미래의 캠퍼스에서 가고싶은 건물이나 강의실을 찾을 때 이 서비스를 이용하면 가야할 방향이 바닥에 표시된다. 아직 학교가 익숙하지 않은 신입생과 안가본 건물을 가려는 사람이 타겟이며 첨단적이고 가상현실적인 느낌이 났음녀 한다. 이를 연피롤 그린 스케치 이미지로 나타내줘,8.531933,7.5211306,88,3,24,13,0,11,38,17,62,0,0.7045454545454546,0.4318181818181818,0.2727272727272727,0.14772727272727273,0.0,29.333333333333332,0.6363636363636364,0.0,6,3,0.6666666666666666
prompt_106,turn_02,P26,design,G8,17,FI,99.99,19.81,90.29,object,final,refinement,,"상황: 개인 휴대폰 화면 안에 본인이 있는 캠퍼스 정면 이미지가 실시간으로 뜨고 (로드뷰처럼) 그 위로 가야할 방향, 건물 혼잡도, 만나기로 한 친구의 위치 등이 표시된다. 이때, 방향은 화살표로, 건물 혼잡도는 컬러로, 친구의 위치는 도형 등으로 표시된다. 이를 연필로 한 스케치 이미지로 도출해줘",,,167,126,"[프롬프트] 상황: 개인 휴대폰 화면 안에 본인이 있는 캠퍼스 정면 이미지가 실시간으로 뜨고 (로드뷰처럼) 그 위로 가야할 방향, 건물 혼잡도, 만나기로 한 친구의 위치 등이 표시된다. 이때, 방향은 화살표로, 건물 혼잡도는 컬러로, 친구의 위치는 도형 등으로 표시된다. 이를 연필로 한 스케치 이미지로 도출해줘",8.286752,7.2533765,87,3,34,5,0,9,39,14,58,0,0.6666666666666666,0.4482758620689655,0.39080459770114945,0.05747126436781609,0.0,29.0,0.6666666666666666,0.0,6,5,0.5454545454545454
prompt_107,turn_01,P27,design,G8,17,FI,96.2,22.44,82.83,object,ideation,initial,,"스마트캠퍼스를 위한 아이디에이션 진행중이야.
우리팀은 캠퍼스의 사인 문제에 주목했고, 정보안내판부족, 강의실표기사인폰트 문제, 공간부족 등 다양한 아이디어가 나왔어.

나는 이 중 통합 안내 키오스크를 제작하는 아이디어를 구체화시키고 싶어.

1) 디자인 목표는 캠퍼스를 이용하는 학생들이 누구나 쉽게 캠퍼스 위치를 파악하고 시설 및 휴식 공간을 효율적으로 이용할 수 있게 돕는 디자인

2) 대상 사용자 및 사용상황은 캠퍼스를 이용하는 재학생 및 방문객들이 실시간으로 위치나 시설 혼잡도등 정보를 획득할 수 있어.

3) 디자인 구성요소로는 형태나 외형은 가로형태의 정사각형 디자인이며, 상하조절이 가능한 모습이고, 주요 특징 및 기능은 캠퍼스 위치 안내와 휴게공간 등 주요 위치가 표시되고, 현재위치를 기반으로 최적화된 동선 안내를 받을 수 있고, 각 위치의 혼잡도가 표시되는거야. 시각적 스타일은 심플한 스타일이며, 인터페이스 또한 직관적인 느낌이야.

이러한 내용을 바탕으로 아이디어 스케치를 생성해줘. 연필스케치 형태로 이미지를 생성해줘.",,,530,418,"[프롬프트] 스마트캠퍼스를 위한 아이디에이션 진행중이야.
우리팀은 캠퍼스의 사인 문제에 주목했고, 정보안내판부족, 강의실표기사인폰트 문제, 공간부족 등 다양한 아이디어가 나왔어.

나는 이 중 통합 안내 키오스크를 제작하는 아이디어를 구체화시키고 싶어.

1) 디자인 목표는 캠퍼스를 이용하는 학생들이 누구나 쉽게 캠퍼스 위치를 파악하고 시설 및 휴식 공간을 효율적으로 이용할 수 있게 돕는 디자인

2) 대상 사용자 및 사용상황은 캠퍼스를 이용하는 재학생 및 방문객들이 실시간으로 위치나 시설 혼잡도등 정보를 획득할 수 있어.

3) 디자인 구성요소로는 형태나 외형은 가로형태의 정사각형 디자인이며, 상하조절이 가능한 모습이고, 주요 특징 및 기능은 캠퍼스 위치 안내와 휴게공간 등 주요 위치가 표시되고, 현재위치를 기반으로 최적화된 동선 안내를 받을 수 있고, 각 위치의 혼잡도가 표시되는거야. 시각적 스타일은 심플한 스타일이며, 인터페이스 또한 직관적인 느낌이야.

이러한 내용을 바탕으로 아이디어 스케치를 생성해줘. 연필스케치 형태로 이미지를 생성해줘.",8.470932,6.513195,263,8,107,8,1,34,121,52,123,0,0.467680608365019,0.4600760456273764,0.4068441064638783,0.030418250950570342,0.0038022813688212928,32.875,0.3235294117647059,0.0,22,16,0.5789473684210527
prompt_108,turn_02,P27,design,G8,17,FI,96.2,22.44,82.83,object,final,refinement,,"최종 아이디어 주제는 <AR을 활용한 캠퍼스 길찾기 서비스>야. 키오스크, 앱, AR 연동되는 시스템이야.

1. 대상사용자는 아직 학교가 익숙하지 않은 신입생, 또는 안 가본 건물을 처음 가는 사람이야.
각 공간별 혼잡도를 알고 싶은 사람이고,

2. 상황은 캠퍼스내에 위치가 익숙하지 않은데 시간도 없는 상황일 때(ex. 지각, 약속)
친구와 약속을 정하고 실시간 위치를 알고 싶은 상황일 때 로 설정했어.

3. 디자인구성요 형태나 외형은
개인 휴대폰 화면 안에 본인이 있는 캠퍼스 정면 이미지가 실시간으로 뜨고 그 위로 방향, 혼잡도, 친구 위치 등이 표시되는 기능들이 있을 것 같고

4. 주요 특징 및 기능으로는
실시간 정보를 반영한 길찾기
각 위치별 혼잡도 표시
친구 위치 확인 기능
키오스크, 앱, AR이 연동되는 시스템이야.

연필로 스케치한 느낌으로 이미지를 생성해줘.",,,440,343,"[프롬프트] 최종 아이디어 주제는 <AR을 활용한 캠퍼스 길찾기 서비스>야. 키오스크, 앱, AR 연동되는 시스템이야.

1. 대상사용자는 아직 학교가 익숙하지 않은 신입생, 또는 안 가본 건물을 처음 가는 사람이야.
각 공간별 혼잡도를 알고 싶은 사람이고,

2. 상황은 캠퍼스내에 위치가 익숙하지 않은데 시간도 없는 상황일 때(ex. 지각, 약속)
친구와 약속을 정하고 실시간 위치를 알고 싶은 상황일 때 로 설정했어.

3. 디자인구성요 형태나 외형은
개인 휴대폰 화면 안에 본인이 있는 캠퍼스 정면 이미지가 실시간으로 뜨고 그 위로 방향, 혼잡도, 친구 위치 등이 표시되는 기능들이 있을 것 같고

4. 주요 특징 및 기능으로는
실시간 정보를 반영한 길찾기
각 위치별 혼잡도 표시
친구 위치 확인 기능
키오스크, 앱, AR이 연동되는 시스템이야.

연필로 스케치한 느낌으로 이미지를 생성해줘.",8.284561,6.679123,231,11,80,10,4,25,97,39,114,0,0.4935064935064935,0.4199134199134199,0.3463203463203463,0.04329004329004329,0.017316017316017316,21.0,0.36,0.0,13,18,0.41935483870967744
prompt_109,turn_01,P28,business,G8,15,FD,99.95,97.56,99.66,object,ideation,initial,,홍익대학교는 지리적으로 매우 복잡한 구조를 가지고있어 그래서 사람들이 길을 찾는것에 어려움을 겪고 있지 그래서 신입생들 방문자들 혹은 학교의 새로운 장소에 방문하는 학생 교수들을 위해서 키오스크를 만들어보려고 해 마치 백화점에 있는 서치 디스플레이처럼 말이지. 많은 정보를 한 화면에 보여줘야 하니까 큰 크기의 디스플레이가 필요할거고 전 연령이 사용할것이기 때문에 직관적이고 아이콘 위주의 인터페이스도 필요해! 디자인은 학교에서 공식적으로 제공하는 정보라는점과 신뢰성을 강조하기 위해서 홍익대학교의 아이덴티티를 담은 디자인이었으면 좋겠고 건물안에서 너무 거슬리지 않게 미니멀한 디자인이었으면 좋겠어! 이 키오스크를 연필 스케치 스타일로 그려줄 수 있겠어?,,,366,287,[프롬프트] 홍익대학교는 지리적으로 매우 복잡한 구조를 가지고있어 그래서 사람들이 길을 찾는것에 어려움을 겪고 있지 그래서 신입생들 방문자들 혹은 학교의 새로운 장소에 방문하는 학생 교수들을 위해서 키오스크를 만들어보려고 해 마치 백화점에 있는 서치 디스플레이처럼 말이지. 많은 정보를 한 화면에 보여줘야 하니까 큰 크기의 디스플레이가 필요할거고 전 연령이 사용할것이기 때문에 직관적이고 아이콘 위주의 인터페이스도 필요해! 디자인은 학교에서 공식적으로 제공하는 정보라는점과 신뢰성을 강조하기 위해서 홍익대학교의 아이덴티티를 담은 디자인이었으면 좋겠고 건물안에서 너무 거슬리지 않게 미니멀한 디자인이었으면 좋겠어! 이 키오스크를 연필 스케치 스타일로 그려줄 수 있겠어?,9.193114,7.0123353,189,4,53,15,5,16,77,30,106,0,0.5608465608465608,0.4074074074074074,0.2804232804232804,0.07936507936507936,0.026455026455026454,47.25,0.5,0.0,8,11,0.42105263157894735
prompt_110,turn_02,P28,business,G8,15,FD,99.95,97.56,99.66,object,final,refinement,,"앱도 만들어 보려고 하는데 이 앱은 AR기능을 활용하여 가야하는 길을 카메라를 통해서 알려주도록 만들고싶어
그리고 혼잡도 등의 정보도 ar기술을 활용해서 해당 건물을 쳐다본다면 색상의 진하기 등으로 혼잡도를 표시하는 기능도 있으면 좋을것 같아. 마지막으로 친구와 만날때 친구가 얼마나 떨어져 있는지 어느 방향에 있는지 위치정보를 통해서 알려줄 수 있다면 좋을것같아! 이것도 연필스타일로 스케치해줘!",,,222,173,"[프롬프트] 앱도 만들어 보려고 하는데 이 앱은 AR기능을 활용하여 가야하는 길을 카메라를 통해서 알려주도록 만들고싶어
그리고 혼잡도 등의 정보도 ar기술을 활용해서 해당 건물을 쳐다본다면 색상의 진하기 등으로 혼잡도를 표시하는 기능도 있으면 좋을것 같아. 마지막으로 친구와 만날때 친구가 얼마나 떨어져 있는지 어느 방향에 있는지 위치정보를 통해서 알려줄 수 있다면 좋을것같아! 이것도 연필스타일로 스케치해줘!",8.178286,6.8331647,119,3,25,15,6,16,47,21,73,0,0.6134453781512605,0.3949579831932773,0.21008403361344538,0.12605042016806722,0.05042016806722689,39.666666666666664,0.375,0.0,3,6,0.3333333333333333
prompt_111,turn_03,P28,business,G8,15,FD,99.95,97.56,99.66,object,final,refinement,,아니 바보야 휴대폰 앱이라니까,,,16,13,[프롬프트] 아니 바보야 휴대폰 앱이라니까,5.169184,5.199233,8,1,2,2,0,1,4,1,8,0,1.0,0.5,0.25,0.25,0.0,8.0,1.0,0.0,0,2,0.0
prompt_112,turn_01,P29,design,G1,17,FI,99.89,98.85,96.18,object,ideation,initial,,"스마트 캠퍼스라는 주제로 아이디어에이션을 하려고해.
대학교에서의 문제를 해결해보고자해. 콘센트가 한정적이어서 주로 수업때 사용하는 도구인 노트북이나 개인 전자기기를 충전하기 어려움, 학교 강의실 콘센트가 한정적이라 학생들이 주로 수업 때 사용하는 노트북이나 전자기기를 충전하는데에 어려움이 있음

바닥 내장의 콘센트가 현재 접근성이 떨어지기도하고, 위치도 애매하여 멀티탭을 연결하고 싶을때가 많아. 공간마다의 효율적인 콘센트 위치 계획을 하려면 어떻게 해야할까?

주요 아이디어
디자인 목표
대상 사용자 및 사용 상황
디자인 구성 요소

를 정리해서 제안해줘",,,312,252,"[프롬프트] 스마트 캠퍼스라는 주제로 아이디어에이션을 하려고해.
대학교에서의 문제를 해결해보고자해. 콘센트가 한정적이어서 주로 수업때 사용하는 도구인 노트북이나 개인 전자기기를 충전하기 어려움, 학교 강의실 콘센트가 한정적이라 학생들이 주로 수업 때 사용하는 노트북이나 전자기기를 충전하는데에 어려움이 있음

바닥 내장의 콘센트가 현재 접근성이 떨어지기도하고, 위치도 애매하여 멀티탭을 연결하고 싶을때가 많아. 공간마다의 효율적인 콘센트 위치 계획을 하려면 어떻게 해야할까?

주요 아이디어
디자인 목표
대상 사용자 및 사용 상황
디자인 구성 요소

를 정리해서 제안해줘",7.1843586,6.2922134,151,5,59,8,2,22,73,35,87,0,0.5761589403973509,0.48344370860927155,0.39072847682119205,0.052980132450331126,0.013245033112582781,30.2,0.36363636363636365,0.0,15,9,0.625
prompt_113,turn_02,P29,design,G1,17,FI,99.89,98.85,96.18,object,ideation,refinement,,그러한 스마트 멀티탭 상황이 보이는 렌더링 이미지를 제안해줘,,,33,26,[프롬프트] 그러한 스마트 멀티탭 상황이 보이는 렌더링 이미지를 제안해줘,4.923791,6.731895,16,1,6,1,1,2,8,3,15,0,0.9375,0.5,0.375,0.0625,0.0625,16.0,1.0,0.0,1,3,0.25
prompt_114,turn_03,P29,design,G1,17,FI,99.89,98.85,96.18,object,ideation,refinement,,,reference,P29_turn_03.png,0,0,[프롬프트] ,4.5795736,5.034865,0,1,0,0,0,0,0,0,0,0,,,,,,0.0,,,0,0,
prompt_115,turn_04,P29,design,G1,17,FI,99.89,98.85,96.18,object,ideation,refinement,,스마트 디스플레이가 있는 멀티탭 이미지를 제안해줘,,,27,22,[프롬프트] 스마트 디스플레이가 있는 멀티탭 이미지를 제안해줘,4.591909,6.6389174,14,1,6,1,0,2,7,3,13,0,0.9285714285714286,0.5,0.42857142857142855,0.07142857142857142,0.0,14.0,1.0,0.0,0,3,0.0
prompt_116,turn_05,P29,design,G1,17,FI,99.89,98.85,96.18,object,ideation,refinement,,220v이고 공간의 맵핑이 포함되어있느 디스플레이를 가진 제품디자인 렌더링이미지를 제안해줘.,,,51,43,[프롬프트] 220v이고 공간의 맵핑이 포함되어있느 디스플레이를 가진 제품디자인 렌더링이미지를 제안해줘.,4.6308007,6.7141848,27,1,8,1,0,6,9,8,23,0,0.8518518518518519,0.3333333333333333,0.2962962962962963,0.037037037037037035,0.0,27.0,0.6666666666666666,0.0,1,6,0.14285714285714285
prompt_117,turn_06,P29,design,G1,17,FI,99.89,98.85,96.18,object,ideation,refinement,,더 구체적인 공간효율을 미리 설계하준다는 디스플레이로 제안해줘,,,34,28,[프롬프트] 더 구체적인 공간효율을 미리 설계하준다는 디스플레이로 제안해줘,4.341547,6.6288223,17,1,5,0,0,2,7,3,16,0,0.9411764705882353,0.4117647058823529,0.29411764705882354,0.0,0.0,17.0,1.0,0.0,1,1,0.5
prompt_118,turn_07,P29,design,G1,17,FI,99.89,98.85,96.18,object,final,refinement,,레일형 천장형 멀티탭 이미지 제작해줘,,,20,16,[프롬프트] 레일형 천장형 멀티탭 이미지 제작해줘,5.109845,6.440303,11,1,7,0,0,0,7,1,9,0,0.8181818181818182,0.6363636363636364,0.6363636363636364,0.0,0.0,11.0,,0.0,0,4,0.0
prompt_119,turn_08,P29,design,G1,17,FI,99.89,98.85,96.18,object,final,refinement,,연장될수 있고 격자 레일을이 있는 모습도 보여줘,,,26,20,[프롬프트] 연장될수 있고 격자 레일을이 있는 모습도 보여줘,5.183445,5.354816,15,1,4,3,0,2,7,3,15,0,1.0,0.4666666666666667,0.26666666666666666,0.2,0.0,15.0,1.0,0.0,0,1,0.0
prompt_120,turn_09,P29,design,G1,17,FI,99.89,98.85,96.18,object,final,refinement,,멀티탭을 당기면 올라가는 롤링업 방식처럼 보이면 좋겠고 로보틱스 멀티탭이 레일을 따라 향유하는 모습을 연출해줘. 사람도 한명 나와서 멀티탭으 당기고있는 시나리오를 보여줬으면 좋겠어. 16:9 가로비율로 이미지 제작해줘,,,121,96,[프롬프트] 멀티탭을 당기면 올라가는 롤링업 방식처럼 보이면 좋겠고 로보틱스 멀티탭이 레일을 따라 향유하는 모습을 연출해줘. 사람도 한명 나와서 멀티탭으 당기고있는 시나리오를 보여줬으면 좋겠어. 16:9 가로비율로 이미지 제작해줘,5.0872874,6.740242,66,3,18,7,2,6,27,9,46,0,0.696969696969697,0.4090909090909091,0.2727272727272727,0.10606060606060606,0.030303030303030304,22.0,0.6666666666666666,0.0,1,5,0.16666666666666666
